[0.381s] [34mcolcon[0m [1;30mDEBUG[0m [32mCommand line arguments: ['/Users/wen-chungcheng/ws_aic/src/aic/.pixi/envs/default/bin/colcon', 'build', '--packages-select', 'aic_mujoco'][0m
[0.381s] [34mcolcon[0m [1;30mDEBUG[0m [32mParsed command line arguments: Namespace(log_base=None, log_level=None, verb_name='build', build_base='build', install_base='install', merge_install=False, symlink_install=False, test_result_base=None, continue_on_error=False, executor='parallel', parallel_workers=16, event_handlers=None, ignore_user_meta=False, metas=['./colcon.meta'], base_paths=['.'], packages_ignore=None, packages_ignore_regex=None, paths=None, packages_up_to=None, packages_up_to_regex=None, packages_above=None, packages_above_and_dependencies=None, packages_above_depth=None, packages_select_by_dep=None, packages_skip_by_dep=None, packages_skip_up_to=None, packages_select_build_failed=False, packages_skip_build_finished=False, packages_select_test_failures=False, packages_skip_test_passed=False, packages_select=['aic_mujoco'], packages_skip=None, packages_select_regex=None, packages_skip_regex=None, packages_start=None, packages_end=None, cmake_args=None, cmake_target=None, cmake_target_skip_unavailable=False, cmake_clean_cache=False, cmake_clean_first=False, cmake_force_configure=False, ament_cmake_args=None, catkin_cmake_args=None, catkin_skip_building_tests=False, mixin_files=None, mixin=None, verb_parser=<colcon_mixin.mixin.mixin_argument.MixinArgumentDecorator object at 0x10695e8d0>, verb_extension=<colcon_core.verb.build.BuildVerb object at 0x10695e630>, main=<bound method BuildVerb.main of <colcon_core.verb.build.BuildVerb object at 0x10695e630>>, mixin_verb=('build',))[0m
[0.452s] [34mcolcon.colcon_core.package_discovery[0m [1;30mLevel 1[0m discover_packages(colcon_meta) check parameters
[0.454s] [34mcolcon.colcon_core.package_discovery[0m [1;30mLevel 1[0m discover_packages(recursive) check parameters
[0.454s] [34mcolcon.colcon_core.package_discovery[0m [1;30mLevel 1[0m discover_packages(ignore) check parameters
[0.454s] [34mcolcon.colcon_core.package_discovery[0m [1;30mLevel 1[0m discover_packages(path) check parameters
[0.454s] [34mcolcon.colcon_core.package_discovery[0m [1;30mLevel 1[0m discover_packages(colcon_meta) discover
[0.454s] [34mcolcon.colcon_core.package_discovery[0m [1;30mLevel 1[0m discover_packages(recursive) discover
[0.455s] [34mcolcon.colcon_core.package_discovery[0m [1;30mINFO[0m Crawling recursively for packages in '/Users/wen-chungcheng/ws_aic/src/aic'
[0.455s] [34mcolcon.colcon_core.package_identification[0m [1;30mLevel 1[0m _identify(.) by extensions ['ignore', 'ignore_ament_install']
[0.455s] [34mcolcon.colcon_core.package_identification[0m [1;30mLevel 1[0m _identify(.) by extension 'ignore'
[0.455s] [34mcolcon.colcon_core.package_identification[0m [1;30mLevel 1[0m _identify(.) by extension 'ignore_ament_install'
[0.455s] [34mcolcon.colcon_core.package_identification[0m [1;30mLevel 1[0m _identify(.) by extensions ['colcon_pkg']
[0.455s] [34mcolcon.colcon_core.package_identification[0m [1;30mLevel 1[0m _identify(.) by extension 'colcon_pkg'
[0.455s] [34mcolcon.colcon_core.package_identification[0m [1;30mLevel 1[0m _identify(.) by extensions ['colcon_meta']
[0.459s] [34mcolcon.colcon_core.package_identification[0m [1;30mLevel 1[0m _identify(.) by extension 'colcon_meta'
[0.459s] [34mcolcon.colcon_core.package_identification[0m [1;30mLevel 1[0m _identify(.) by extensions ['ros']
[0.459s] [34mcolcon.colcon_core.package_identification[0m [1;30mLevel 1[0m _identify(.) by extension 'ros'
[0.514s] [34mcolcon.colcon_core.package_identification[0m [1;30mLevel 1[0m _identify(.) by extensions ['cmake', 'python']
[0.514s] [34mcolcon.colcon_core.package_identification[0m [1;30mLevel 1[0m _identify(.) by extension 'cmake'
[0.514s] [34mcolcon.colcon_core.package_identification[0m [1;30mLevel 1[0m _identify(.) by extension 'python'
[0.514s] [34mcolcon.colcon_core.package_identification[0m [1;30mLevel 1[0m _identify(.) by extensions ['python_setup_py']
[0.514s] [34mcolcon.colcon_core.package_identification[0m [1;30mLevel 1[0m _identify(.) by extension 'python_setup_py'
[0.515s] [34mcolcon.colcon_core.package_identification[0m [1;30mLevel 1[0m _identify(aic_adapter) by extensions ['ignore', 'ignore_ament_install']
[0.515s] [34mcolcon.colcon_core.package_identification[0m [1;30mLevel 1[0m _identify(aic_adapter) by extension 'ignore'
[0.515s] [34mcolcon.colcon_core.package_identification[0m [1;30mLevel 1[0m _identify(aic_adapter) by extension 'ignore_ament_install'
[0.515s] [34mcolcon.colcon_core.package_identification[0m [1;30mLevel 1[0m _identify(aic_adapter) by extensions ['colcon_pkg']
[0.515s] [34mcolcon.colcon_core.package_identification[0m [1;30mLevel 1[0m _identify(aic_adapter) by extension 'colcon_pkg'
[0.515s] [34mcolcon.colcon_core.package_identification[0m [1;30mLevel 1[0m _identify(aic_adapter) by extensions ['colcon_meta']
[0.515s] [34mcolcon.colcon_core.package_identification[0m [1;30mLevel 1[0m _identify(aic_adapter) by extension 'colcon_meta'
[0.515s] [34mcolcon.colcon_core.package_identification[0m [1;30mLevel 1[0m _identify(aic_adapter) by extensions ['ros']
[0.515s] [34mcolcon.colcon_core.package_identification[0m [1;30mLevel 1[0m _identify(aic_adapter) by extension 'ros'
[0.518s] [34mcolcon.colcon_core.package_identification[0m [1;30mDEBUG[0m [32mPackage 'aic_adapter' with type 'ros.ament_cmake' and name 'aic_adapter'[0m
[0.518s] [34mcolcon.colcon_core.package_identification[0m [1;30mLevel 1[0m _identify(aic_assets) by extensions ['ignore', 'ignore_ament_install']
[0.518s] [34mcolcon.colcon_core.package_identification[0m [1;30mLevel 1[0m _identify(aic_assets) by extension 'ignore'
[0.518s] [34mcolcon.colcon_core.package_identification[0m [1;30mLevel 1[0m _identify(aic_assets) by extension 'ignore_ament_install'
[0.518s] [34mcolcon.colcon_core.package_identification[0m [1;30mLevel 1[0m _identify(aic_assets) by extensions ['colcon_pkg']
[0.518s] [34mcolcon.colcon_core.package_identification[0m [1;30mLevel 1[0m _identify(aic_assets) by extension 'colcon_pkg'
[0.518s] [34mcolcon.colcon_core.package_identification[0m [1;30mLevel 1[0m _identify(aic_assets) by extensions ['colcon_meta']
[0.518s] [34mcolcon.colcon_core.package_identification[0m [1;30mLevel 1[0m _identify(aic_assets) by extension 'colcon_meta'
[0.518s] [34mcolcon.colcon_core.package_identification[0m [1;30mLevel 1[0m _identify(aic_assets) by extensions ['ros']
[0.518s] [34mcolcon.colcon_core.package_identification[0m [1;30mLevel 1[0m _identify(aic_assets) by extension 'ros'
[0.519s] [34mcolcon.colcon_core.package_identification[0m [1;30mDEBUG[0m [32mPackage 'aic_assets' with type 'ros.ament_cmake' and name 'aic_assets'[0m
[0.519s] [34mcolcon.colcon_core.package_identification[0m [1;30mLevel 1[0m _identify(aic_bringup) by extensions ['ignore', 'ignore_ament_install']
[0.519s] [34mcolcon.colcon_core.package_identification[0m [1;30mLevel 1[0m _identify(aic_bringup) by extension 'ignore'
[0.519s] [34mcolcon.colcon_core.package_identification[0m [1;30mLevel 1[0m _identify(aic_bringup) by extension 'ignore_ament_install'
[0.519s] [34mcolcon.colcon_core.package_identification[0m [1;30mLevel 1[0m _identify(aic_bringup) by extensions ['colcon_pkg']
[0.519s] [34mcolcon.colcon_core.package_identification[0m [1;30mLevel 1[0m _identify(aic_bringup) by extension 'colcon_pkg'
[0.519s] [34mcolcon.colcon_core.package_identification[0m [1;30mLevel 1[0m _identify(aic_bringup) by extensions ['colcon_meta']
[0.519s] [34mcolcon.colcon_core.package_identification[0m [1;30mLevel 1[0m _identify(aic_bringup) by extension 'colcon_meta'
[0.519s] [34mcolcon.colcon_core.package_identification[0m [1;30mLevel 1[0m _identify(aic_bringup) by extensions ['ros']
[0.519s] [34mcolcon.colcon_core.package_identification[0m [1;30mLevel 1[0m _identify(aic_bringup) by extension 'ros'
[0.520s] [34mcolcon.colcon_core.package_identification[0m [1;30mDEBUG[0m [32mPackage 'aic_bringup' with type 'ros.ament_cmake' and name 'aic_bringup'[0m
[0.521s] [34mcolcon.colcon_core.package_identification[0m [1;30mLevel 1[0m _identify(aic_controller) by extensions ['ignore', 'ignore_ament_install']
[0.521s] [34mcolcon.colcon_core.package_identification[0m [1;30mLevel 1[0m _identify(aic_controller) by extension 'ignore'
[0.521s] [34mcolcon.colcon_core.package_identification[0m [1;30mLevel 1[0m _identify(aic_controller) by extension 'ignore_ament_install'
[0.521s] [34mcolcon.colcon_core.package_identification[0m [1;30mLevel 1[0m _identify(aic_controller) by extensions ['colcon_pkg']
[0.521s] [34mcolcon.colcon_core.package_identification[0m [1;30mLevel 1[0m _identify(aic_controller) by extension 'colcon_pkg'
[0.521s] [34mcolcon.colcon_core.package_identification[0m [1;30mLevel 1[0m _identify(aic_controller) by extensions ['colcon_meta']
[0.521s] [34mcolcon.colcon_core.package_identification[0m [1;30mLevel 1[0m _identify(aic_controller) by extension 'colcon_meta'
[0.521s] [34mcolcon.colcon_core.package_identification[0m [1;30mLevel 1[0m _identify(aic_controller) by extensions ['ros']
[0.521s] [34mcolcon.colcon_core.package_identification[0m [1;30mLevel 1[0m _identify(aic_controller) by extension 'ros'
[0.522s] [34mcolcon.colcon_core.package_identification[0m [1;30mDEBUG[0m [32mPackage 'aic_controller' with type 'ros.ament_cmake' and name 'aic_controller'[0m
[0.522s] [34mcolcon.colcon_core.package_identification[0m [1;30mLevel 1[0m _identify(aic_description) by extensions ['ignore', 'ignore_ament_install']
[0.522s] [34mcolcon.colcon_core.package_identification[0m [1;30mLevel 1[0m _identify(aic_description) by extension 'ignore'
[0.522s] [34mcolcon.colcon_core.package_identification[0m [1;30mLevel 1[0m _identify(aic_description) by extension 'ignore_ament_install'
[0.522s] [34mcolcon.colcon_core.package_identification[0m [1;30mLevel 1[0m _identify(aic_description) by extensions ['colcon_pkg']
[0.522s] [34mcolcon.colcon_core.package_identification[0m [1;30mLevel 1[0m _identify(aic_description) by extension 'colcon_pkg'
[0.522s] [34mcolcon.colcon_core.package_identification[0m [1;30mLevel 1[0m _identify(aic_description) by extensions ['colcon_meta']
[0.522s] [34mcolcon.colcon_core.package_identification[0m [1;30mLevel 1[0m _identify(aic_description) by extension 'colcon_meta'
[0.522s] [34mcolcon.colcon_core.package_identification[0m [1;30mLevel 1[0m _identify(aic_description) by extensions ['ros']
[0.522s] [34mcolcon.colcon_core.package_identification[0m [1;30mLevel 1[0m _identify(aic_description) by extension 'ros'
[0.523s] [34mcolcon.colcon_core.package_identification[0m [1;30mDEBUG[0m [32mPackage 'aic_description' with type 'ros.ament_cmake' and name 'aic_description'[0m
[0.523s] [34mcolcon.colcon_core.package_identification[0m [1;30mLevel 1[0m _identify(aic_engine) by extensions ['ignore', 'ignore_ament_install']
[0.523s] [34mcolcon.colcon_core.package_identification[0m [1;30mLevel 1[0m _identify(aic_engine) by extension 'ignore'
[0.523s] [34mcolcon.colcon_core.package_identification[0m [1;30mLevel 1[0m _identify(aic_engine) by extension 'ignore_ament_install'
[0.523s] [34mcolcon.colcon_core.package_identification[0m [1;30mLevel 1[0m _identify(aic_engine) by extensions ['colcon_pkg']
[0.523s] [34mcolcon.colcon_core.package_identification[0m [1;30mLevel 1[0m _identify(aic_engine) by extension 'colcon_pkg'
[0.523s] [34mcolcon.colcon_core.package_identification[0m [1;30mLevel 1[0m _identify(aic_engine) by extensions ['colcon_meta']
[0.523s] [34mcolcon.colcon_core.package_identification[0m [1;30mLevel 1[0m _identify(aic_engine) by extension 'colcon_meta'
[0.523s] [34mcolcon.colcon_core.package_identification[0m [1;30mLevel 1[0m _identify(aic_engine) by extensions ['ros']
[0.523s] [34mcolcon.colcon_core.package_identification[0m [1;30mLevel 1[0m _identify(aic_engine) by extension 'ros'
[0.524s] [34mcolcon.colcon_core.package_identification[0m [1;30mDEBUG[0m [32mPackage 'aic_engine' with type 'ros.ament_cmake' and name 'aic_engine'[0m
[0.524s] [34mcolcon.colcon_core.package_identification[0m [1;30mLevel 1[0m _identify(aic_example_policies) by extensions ['ignore', 'ignore_ament_install']
[0.524s] [34mcolcon.colcon_core.package_identification[0m [1;30mLevel 1[0m _identify(aic_example_policies) by extension 'ignore'
[0.524s] [34mcolcon.colcon_core.package_identification[0m [1;30mLevel 1[0m _identify(aic_example_policies) by extension 'ignore_ament_install'
[0.524s] [34mcolcon.colcon_core.package_identification[0m [1;30mLevel 1[0m _identify(aic_example_policies) by extensions ['colcon_pkg']
[0.524s] [34mcolcon.colcon_core.package_identification[0m [1;30mLevel 1[0m _identify(aic_example_policies) by extension 'colcon_pkg'
[0.524s] [34mcolcon.colcon_core.package_identification[0m [1;30mLevel 1[0m _identify(aic_example_policies) by extensions ['colcon_meta']
[0.524s] [34mcolcon.colcon_core.package_identification[0m [1;30mLevel 1[0m _identify(aic_example_policies) by extension 'colcon_meta'
[0.524s] [34mcolcon.colcon_core.package_identification[0m [1;30mLevel 1[0m _identify(aic_example_policies) by extensions ['ros']
[0.524s] [34mcolcon.colcon_core.package_identification[0m [1;30mLevel 1[0m _identify(aic_example_policies) by extension 'ros'
[0.525s] [34mcolcon.colcon_core.package_identification[0m [1;30mDEBUG[0m [32mPackage 'aic_example_policies' with type 'ros.ament_python' and name 'aic_example_policies'[0m
[0.525s] [34mcolcon.colcon_core.package_identification[0m [1;30mLevel 1[0m _identify(aic_gazebo) by extensions ['ignore', 'ignore_ament_install']
[0.525s] [34mcolcon.colcon_core.package_identification[0m [1;30mLevel 1[0m _identify(aic_gazebo) by extension 'ignore'
[0.526s] [34mcolcon.colcon_core.package_identification[0m [1;30mLevel 1[0m _identify(aic_gazebo) by extension 'ignore_ament_install'
[0.526s] [34mcolcon.colcon_core.package_identification[0m [1;30mLevel 1[0m _identify(aic_gazebo) by extensions ['colcon_pkg']
[0.526s] [34mcolcon.colcon_core.package_identification[0m [1;30mLevel 1[0m _identify(aic_gazebo) by extension 'colcon_pkg'
[0.526s] [34mcolcon.colcon_core.package_identification[0m [1;30mLevel 1[0m _identify(aic_gazebo) by extensions ['colcon_meta']
[0.526s] [34mcolcon.colcon_core.package_identification[0m [1;30mLevel 1[0m _identify(aic_gazebo) by extension 'colcon_meta'
[0.526s] [34mcolcon.colcon_core.package_identification[0m [1;30mLevel 1[0m _identify(aic_gazebo) by extensions ['ros']
[0.526s] [34mcolcon.colcon_core.package_identification[0m [1;30mLevel 1[0m _identify(aic_gazebo) by extension 'ros'
[0.526s] [34mcolcon.colcon_core.package_identification[0m [1;30mDEBUG[0m [32mPackage 'aic_gazebo' with type 'ros.ament_cmake' and name 'aic_gazebo'[0m
[0.527s] [34mcolcon.colcon_core.package_identification[0m [1;30mLevel 1[0m _identify(aic_interfaces) by extensions ['ignore', 'ignore_ament_install']
[0.527s] [34mcolcon.colcon_core.package_identification[0m [1;30mLevel 1[0m _identify(aic_interfaces) by extension 'ignore'
[0.527s] [34mcolcon.colcon_core.package_identification[0m [1;30mLevel 1[0m _identify(aic_interfaces) by extension 'ignore_ament_install'
[0.527s] [34mcolcon.colcon_core.package_identification[0m [1;30mLevel 1[0m _identify(aic_interfaces) by extensions ['colcon_pkg']
[0.527s] [34mcolcon.colcon_core.package_identification[0m [1;30mLevel 1[0m _identify(aic_interfaces) by extension 'colcon_pkg'
[0.527s] [34mcolcon.colcon_core.package_identification[0m [1;30mLevel 1[0m _identify(aic_interfaces) by extensions ['colcon_meta']
[0.527s] [34mcolcon.colcon_core.package_identification[0m [1;30mLevel 1[0m _identify(aic_interfaces) by extension 'colcon_meta'
[0.527s] [34mcolcon.colcon_core.package_identification[0m [1;30mLevel 1[0m _identify(aic_interfaces) by extensions ['ros']
[0.527s] [34mcolcon.colcon_core.package_identification[0m [1;30mLevel 1[0m _identify(aic_interfaces) by extension 'ros'
[0.527s] [34mcolcon.colcon_core.package_identification[0m [1;30mLevel 1[0m _identify(aic_interfaces) by extensions ['cmake', 'python']
[0.527s] [34mcolcon.colcon_core.package_identification[0m [1;30mLevel 1[0m _identify(aic_interfaces) by extension 'cmake'
[0.527s] [34mcolcon.colcon_core.package_identification[0m [1;30mLevel 1[0m _identify(aic_interfaces) by extension 'python'
[0.527s] [34mcolcon.colcon_core.package_identification[0m [1;30mLevel 1[0m _identify(aic_interfaces) by extensions ['python_setup_py']
[0.527s] [34mcolcon.colcon_core.package_identification[0m [1;30mLevel 1[0m _identify(aic_interfaces) by extension 'python_setup_py'
[0.527s] [34mcolcon.colcon_core.package_identification[0m [1;30mLevel 1[0m _identify(aic_interfaces/aic_control_interfaces) by extensions ['ignore', 'ignore_ament_install']
[0.527s] [34mcolcon.colcon_core.package_identification[0m [1;30mLevel 1[0m _identify(aic_interfaces/aic_control_interfaces) by extension 'ignore'
[0.527s] [34mcolcon.colcon_core.package_identification[0m [1;30mLevel 1[0m _identify(aic_interfaces/aic_control_interfaces) by extension 'ignore_ament_install'
[0.527s] [34mcolcon.colcon_core.package_identification[0m [1;30mLevel 1[0m _identify(aic_interfaces/aic_control_interfaces) by extensions ['colcon_pkg']
[0.527s] [34mcolcon.colcon_core.package_identification[0m [1;30mLevel 1[0m _identify(aic_interfaces/aic_control_interfaces) by extension 'colcon_pkg'
[0.527s] [34mcolcon.colcon_core.package_identification[0m [1;30mLevel 1[0m _identify(aic_interfaces/aic_control_interfaces) by extensions ['colcon_meta']
[0.527s] [34mcolcon.colcon_core.package_identification[0m [1;30mLevel 1[0m _identify(aic_interfaces/aic_control_interfaces) by extension 'colcon_meta'
[0.527s] [34mcolcon.colcon_core.package_identification[0m [1;30mLevel 1[0m _identify(aic_interfaces/aic_control_interfaces) by extensions ['ros']
[0.527s] [34mcolcon.colcon_core.package_identification[0m [1;30mLevel 1[0m _identify(aic_interfaces/aic_control_interfaces) by extension 'ros'
[0.528s] [34mcolcon.colcon_core.package_identification[0m [1;30mDEBUG[0m [32mPackage 'aic_interfaces/aic_control_interfaces' with type 'ros.ament_cmake' and name 'aic_control_interfaces'[0m
[0.528s] [34mcolcon.colcon_core.package_identification[0m [1;30mLevel 1[0m _identify(aic_interfaces/aic_engine_interfaces) by extensions ['ignore', 'ignore_ament_install']
[0.528s] [34mcolcon.colcon_core.package_identification[0m [1;30mLevel 1[0m _identify(aic_interfaces/aic_engine_interfaces) by extension 'ignore'
[0.528s] [34mcolcon.colcon_core.package_identification[0m [1;30mLevel 1[0m _identify(aic_interfaces/aic_engine_interfaces) by extension 'ignore_ament_install'
[0.528s] [34mcolcon.colcon_core.package_identification[0m [1;30mLevel 1[0m _identify(aic_interfaces/aic_engine_interfaces) by extensions ['colcon_pkg']
[0.528s] [34mcolcon.colcon_core.package_identification[0m [1;30mLevel 1[0m _identify(aic_interfaces/aic_engine_interfaces) by extension 'colcon_pkg'
[0.528s] [34mcolcon.colcon_core.package_identification[0m [1;30mLevel 1[0m _identify(aic_interfaces/aic_engine_interfaces) by extensions ['colcon_meta']
[0.528s] [34mcolcon.colcon_core.package_identification[0m [1;30mLevel 1[0m _identify(aic_interfaces/aic_engine_interfaces) by extension 'colcon_meta'
[0.528s] [34mcolcon.colcon_core.package_identification[0m [1;30mLevel 1[0m _identify(aic_interfaces/aic_engine_interfaces) by extensions ['ros']
[0.528s] [34mcolcon.colcon_core.package_identification[0m [1;30mLevel 1[0m _identify(aic_interfaces/aic_engine_interfaces) by extension 'ros'
[0.529s] [34mcolcon.colcon_core.package_identification[0m [1;30mDEBUG[0m [32mPackage 'aic_interfaces/aic_engine_interfaces' with type 'ros.ament_cmake' and name 'aic_engine_interfaces'[0m
[0.529s] [34mcolcon.colcon_core.package_identification[0m [1;30mLevel 1[0m _identify(aic_interfaces/aic_model_interfaces) by extensions ['ignore', 'ignore_ament_install']
[0.529s] [34mcolcon.colcon_core.package_identification[0m [1;30mLevel 1[0m _identify(aic_interfaces/aic_model_interfaces) by extension 'ignore'
[0.529s] [34mcolcon.colcon_core.package_identification[0m [1;30mLevel 1[0m _identify(aic_interfaces/aic_model_interfaces) by extension 'ignore_ament_install'
[0.529s] [34mcolcon.colcon_core.package_identification[0m [1;30mLevel 1[0m _identify(aic_interfaces/aic_model_interfaces) by extensions ['colcon_pkg']
[0.529s] [34mcolcon.colcon_core.package_identification[0m [1;30mLevel 1[0m _identify(aic_interfaces/aic_model_interfaces) by extension 'colcon_pkg'
[0.529s] [34mcolcon.colcon_core.package_identification[0m [1;30mLevel 1[0m _identify(aic_interfaces/aic_model_interfaces) by extensions ['colcon_meta']
[0.529s] [34mcolcon.colcon_core.package_identification[0m [1;30mLevel 1[0m _identify(aic_interfaces/aic_model_interfaces) by extension 'colcon_meta'
[0.529s] [34mcolcon.colcon_core.package_identification[0m [1;30mLevel 1[0m _identify(aic_interfaces/aic_model_interfaces) by extensions ['ros']
[0.529s] [34mcolcon.colcon_core.package_identification[0m [1;30mLevel 1[0m _identify(aic_interfaces/aic_model_interfaces) by extension 'ros'
[0.530s] [34mcolcon.colcon_core.package_identification[0m [1;30mDEBUG[0m [32mPackage 'aic_interfaces/aic_model_interfaces' with type 'ros.ament_cmake' and name 'aic_model_interfaces'[0m
[0.530s] [34mcolcon.colcon_core.package_identification[0m [1;30mLevel 1[0m _identify(aic_interfaces/aic_task_interfaces) by extensions ['ignore', 'ignore_ament_install']
[0.530s] [34mcolcon.colcon_core.package_identification[0m [1;30mLevel 1[0m _identify(aic_interfaces/aic_task_interfaces) by extension 'ignore'
[0.530s] [34mcolcon.colcon_core.package_identification[0m [1;30mLevel 1[0m _identify(aic_interfaces/aic_task_interfaces) by extension 'ignore_ament_install'
[0.530s] [34mcolcon.colcon_core.package_identification[0m [1;30mLevel 1[0m _identify(aic_interfaces/aic_task_interfaces) by extensions ['colcon_pkg']
[0.530s] [34mcolcon.colcon_core.package_identification[0m [1;30mLevel 1[0m _identify(aic_interfaces/aic_task_interfaces) by extension 'colcon_pkg'
[0.530s] [34mcolcon.colcon_core.package_identification[0m [1;30mLevel 1[0m _identify(aic_interfaces/aic_task_interfaces) by extensions ['colcon_meta']
[0.530s] [34mcolcon.colcon_core.package_identification[0m [1;30mLevel 1[0m _identify(aic_interfaces/aic_task_interfaces) by extension 'colcon_meta'
[0.530s] [34mcolcon.colcon_core.package_identification[0m [1;30mLevel 1[0m _identify(aic_interfaces/aic_task_interfaces) by extensions ['ros']
[0.530s] [34mcolcon.colcon_core.package_identification[0m [1;30mLevel 1[0m _identify(aic_interfaces/aic_task_interfaces) by extension 'ros'
[0.530s] [34mcolcon.colcon_core.package_identification[0m [1;30mDEBUG[0m [32mPackage 'aic_interfaces/aic_task_interfaces' with type 'ros.ament_cmake' and name 'aic_task_interfaces'[0m
[0.530s] [34mcolcon.colcon_core.package_identification[0m [1;30mLevel 1[0m _identify(aic_model) by extensions ['ignore', 'ignore_ament_install']
[0.530s] [34mcolcon.colcon_core.package_identification[0m [1;30mLevel 1[0m _identify(aic_model) by extension 'ignore'
[0.530s] [34mcolcon.colcon_core.package_identification[0m [1;30mLevel 1[0m _identify(aic_model) by extension 'ignore_ament_install'
[0.530s] [34mcolcon.colcon_core.package_identification[0m [1;30mLevel 1[0m _identify(aic_model) by extensions ['colcon_pkg']
[0.531s] [34mcolcon.colcon_core.package_identification[0m [1;30mLevel 1[0m _identify(aic_model) by extension 'colcon_pkg'
[0.531s] [34mcolcon.colcon_core.package_identification[0m [1;30mLevel 1[0m _identify(aic_model) by extensions ['colcon_meta']
[0.531s] [34mcolcon.colcon_core.package_identification[0m [1;30mLevel 1[0m _identify(aic_model) by extension 'colcon_meta'
[0.531s] [34mcolcon.colcon_core.package_identification[0m [1;30mLevel 1[0m _identify(aic_model) by extensions ['ros']
[0.531s] [34mcolcon.colcon_core.package_identification[0m [1;30mLevel 1[0m _identify(aic_model) by extension 'ros'
[0.531s] [34mcolcon.colcon_core.package_identification[0m [1;30mDEBUG[0m [32mPackage 'aic_model' with type 'ros.ament_python' and name 'aic_model'[0m
[0.531s] [34mcolcon.colcon_core.package_identification[0m [1;30mLevel 1[0m _identify(aic_scoring) by extensions ['ignore', 'ignore_ament_install']
[0.531s] [34mcolcon.colcon_core.package_identification[0m [1;30mLevel 1[0m _identify(aic_scoring) by extension 'ignore'
[0.531s] [34mcolcon.colcon_core.package_identification[0m [1;30mLevel 1[0m _identify(aic_scoring) by extension 'ignore_ament_install'
[0.531s] [34mcolcon.colcon_core.package_identification[0m [1;30mLevel 1[0m _identify(aic_scoring) by extensions ['colcon_pkg']
[0.531s] [34mcolcon.colcon_core.package_identification[0m [1;30mLevel 1[0m _identify(aic_scoring) by extension 'colcon_pkg'
[0.532s] [34mcolcon.colcon_core.package_identification[0m [1;30mLevel 1[0m _identify(aic_scoring) by extensions ['colcon_meta']
[0.532s] [34mcolcon.colcon_core.package_identification[0m [1;30mLevel 1[0m _identify(aic_scoring) by extension 'colcon_meta'
[0.532s] [34mcolcon.colcon_core.package_identification[0m [1;30mLevel 1[0m _identify(aic_scoring) by extensions ['ros']
[0.532s] [34mcolcon.colcon_core.package_identification[0m [1;30mLevel 1[0m _identify(aic_scoring) by extension 'ros'
[0.532s] [34mcolcon.colcon_core.package_identification[0m [1;30mDEBUG[0m [32mPackage 'aic_scoring' with type 'ros.ament_cmake' and name 'aic_scoring'[0m
[0.532s] [34mcolcon.colcon_core.package_identification[0m [1;30mLevel 1[0m _identify(aic_utils) by extensions ['ignore', 'ignore_ament_install']
[0.532s] [34mcolcon.colcon_core.package_identification[0m [1;30mLevel 1[0m _identify(aic_utils) by extension 'ignore'
[0.532s] [34mcolcon.colcon_core.package_identification[0m [1;30mLevel 1[0m _identify(aic_utils) by extension 'ignore_ament_install'
[0.532s] [34mcolcon.colcon_core.package_identification[0m [1;30mLevel 1[0m _identify(aic_utils) by extensions ['colcon_pkg']
[0.532s] [34mcolcon.colcon_core.package_identification[0m [1;30mLevel 1[0m _identify(aic_utils) by extension 'colcon_pkg'
[0.532s] [34mcolcon.colcon_core.package_identification[0m [1;30mLevel 1[0m _identify(aic_utils) by extensions ['colcon_meta']
[0.532s] [34mcolcon.colcon_core.package_identification[0m [1;30mLevel 1[0m _identify(aic_utils) by extension 'colcon_meta'
[0.532s] [34mcolcon.colcon_core.package_identification[0m [1;30mLevel 1[0m _identify(aic_utils) by extensions ['ros']
[0.532s] [34mcolcon.colcon_core.package_identification[0m [1;30mLevel 1[0m _identify(aic_utils) by extension 'ros'
[0.532s] [34mcolcon.colcon_core.package_identification[0m [1;30mLevel 1[0m _identify(aic_utils) by extensions ['cmake', 'python']
[0.532s] [34mcolcon.colcon_core.package_identification[0m [1;30mLevel 1[0m _identify(aic_utils) by extension 'cmake'
[0.532s] [34mcolcon.colcon_core.package_identification[0m [1;30mLevel 1[0m _identify(aic_utils) by extension 'python'
[0.532s] [34mcolcon.colcon_core.package_identification[0m [1;30mLevel 1[0m _identify(aic_utils) by extensions ['python_setup_py']
[0.532s] [34mcolcon.colcon_core.package_identification[0m [1;30mLevel 1[0m _identify(aic_utils) by extension 'python_setup_py'
[0.533s] [34mcolcon.colcon_core.package_identification[0m [1;30mLevel 1[0m _identify(aic_utils/aic_isaac) by extensions ['ignore', 'ignore_ament_install']
[0.533s] [34mcolcon.colcon_core.package_identification[0m [1;30mLevel 1[0m _identify(aic_utils/aic_isaac) by extension 'ignore'
[0.533s] [34mcolcon.colcon_core.package_identification[0m [1;30mLevel 1[0m _identify(aic_utils/aic_isaac) by extension 'ignore_ament_install'
[0.533s] [34mcolcon.colcon_core.package_identification[0m [1;30mLevel 1[0m _identify(aic_utils/aic_isaac) by extensions ['colcon_pkg']
[0.533s] [34mcolcon.colcon_core.package_identification[0m [1;30mLevel 1[0m _identify(aic_utils/aic_isaac) by extension 'colcon_pkg'
[0.533s] [34mcolcon.colcon_core.package_identification[0m [1;30mLevel 1[0m _identify(aic_utils/aic_isaac) by extensions ['colcon_meta']
[0.533s] [34mcolcon.colcon_core.package_identification[0m [1;30mLevel 1[0m _identify(aic_utils/aic_isaac) by extension 'colcon_meta'
[0.533s] [34mcolcon.colcon_core.package_identification[0m [1;30mLevel 1[0m _identify(aic_utils/aic_isaac) by extensions ['ros']
[0.533s] [34mcolcon.colcon_core.package_identification[0m [1;30mLevel 1[0m _identify(aic_utils/aic_isaac) by extension 'ros'
[0.533s] [34mcolcon.colcon_core.package_identification[0m [1;30mLevel 1[0m _identify(aic_utils/aic_isaac) by extensions ['cmake', 'python']
[0.533s] [34mcolcon.colcon_core.package_identification[0m [1;30mLevel 1[0m _identify(aic_utils/aic_isaac) by extension 'cmake'
[0.533s] [34mcolcon.colcon_core.package_identification[0m [1;30mLevel 1[0m _identify(aic_utils/aic_isaac) by extension 'python'
[0.533s] [34mcolcon.colcon_core.package_identification[0m [1;30mLevel 1[0m _identify(aic_utils/aic_isaac) by extensions ['python_setup_py']
[0.533s] [34mcolcon.colcon_core.package_identification[0m [1;30mLevel 1[0m _identify(aic_utils/aic_isaac) by extension 'python_setup_py'
[0.533s] [34mcolcon.colcon_core.package_identification[0m [1;30mLevel 1[0m _identify(aic_utils/aic_isaac/aic_isaaclab) by extensions ['ignore', 'ignore_ament_install']
[0.533s] [34mcolcon.colcon_core.package_identification[0m [1;30mLevel 1[0m _identify(aic_utils/aic_isaac/aic_isaaclab) by extension 'ignore'
[0.533s] [34mcolcon.colcon_core.package_identification[0m [1;30mLevel 1[0m _identify(aic_utils/aic_isaac/aic_isaaclab) by extension 'ignore_ament_install'
[0.533s] [34mcolcon.colcon_core.package_identification[0m [1;30mLevel 1[0m _identify(aic_utils/aic_isaac/aic_isaaclab) by extensions ['colcon_pkg']
[0.533s] [34mcolcon.colcon_core.package_identification[0m [1;30mLevel 1[0m _identify(aic_utils/aic_isaac/aic_isaaclab) by extension 'colcon_pkg'
[0.533s] [34mcolcon.colcon_core.package_identification[0m [1;30mLevel 1[0m _identify(aic_utils/aic_isaac/aic_isaaclab) by extensions ['colcon_meta']
[0.533s] [34mcolcon.colcon_core.package_identification[0m [1;30mLevel 1[0m _identify(aic_utils/aic_isaac/aic_isaaclab) by extension 'colcon_meta'
[0.533s] [34mcolcon.colcon_core.package_identification[0m [1;30mLevel 1[0m _identify(aic_utils/aic_isaac/aic_isaaclab) by extensions ['ros']
[0.533s] [34mcolcon.colcon_core.package_identification[0m [1;30mLevel 1[0m _identify(aic_utils/aic_isaac/aic_isaaclab) by extension 'ros'
[0.533s] [34mcolcon.colcon_core.package_identification[0m [1;30mLevel 1[0m _identify(aic_utils/aic_isaac/aic_isaaclab) by extensions ['cmake', 'python']
[0.533s] [34mcolcon.colcon_core.package_identification[0m [1;30mLevel 1[0m _identify(aic_utils/aic_isaac/aic_isaaclab) by extension 'cmake'
[0.533s] [34mcolcon.colcon_core.package_identification[0m [1;30mLevel 1[0m _identify(aic_utils/aic_isaac/aic_isaaclab) by extension 'python'
[0.533s] [34mcolcon.colcon_core.package_identification[0m [1;30mLevel 1[0m _identify(aic_utils/aic_isaac/aic_isaaclab) by extensions ['python_setup_py']
[0.533s] [34mcolcon.colcon_core.package_identification[0m [1;30mLevel 1[0m _identify(aic_utils/aic_isaac/aic_isaaclab) by extension 'python_setup_py'
[0.533s] [34mcolcon.colcon_core.package_identification[0m [1;30mLevel 1[0m _identify(aic_utils/aic_isaac/aic_isaaclab/scripts) by extensions ['ignore', 'ignore_ament_install']
[0.533s] [34mcolcon.colcon_core.package_identification[0m [1;30mLevel 1[0m _identify(aic_utils/aic_isaac/aic_isaaclab/scripts) by extension 'ignore'
[0.533s] [34mcolcon.colcon_core.package_identification[0m [1;30mLevel 1[0m _identify(aic_utils/aic_isaac/aic_isaaclab/scripts) by extension 'ignore_ament_install'
[0.533s] [34mcolcon.colcon_core.package_identification[0m [1;30mLevel 1[0m _identify(aic_utils/aic_isaac/aic_isaaclab/scripts) by extensions ['colcon_pkg']
[0.533s] [34mcolcon.colcon_core.package_identification[0m [1;30mLevel 1[0m _identify(aic_utils/aic_isaac/aic_isaaclab/scripts) by extension 'colcon_pkg'
[0.533s] [34mcolcon.colcon_core.package_identification[0m [1;30mLevel 1[0m _identify(aic_utils/aic_isaac/aic_isaaclab/scripts) by extensions ['colcon_meta']
[0.534s] [34mcolcon.colcon_core.package_identification[0m [1;30mLevel 1[0m _identify(aic_utils/aic_isaac/aic_isaaclab/scripts) by extension 'colcon_meta'
[0.534s] [34mcolcon.colcon_core.package_identification[0m [1;30mLevel 1[0m _identify(aic_utils/aic_isaac/aic_isaaclab/scripts) by extensions ['ros']
[0.534s] [34mcolcon.colcon_core.package_identification[0m [1;30mLevel 1[0m _identify(aic_utils/aic_isaac/aic_isaaclab/scripts) by extension 'ros'
[0.534s] [34mcolcon.colcon_core.package_identification[0m [1;30mLevel 1[0m _identify(aic_utils/aic_isaac/aic_isaaclab/scripts) by extensions ['cmake', 'python']
[0.534s] [34mcolcon.colcon_core.package_identification[0m [1;30mLevel 1[0m _identify(aic_utils/aic_isaac/aic_isaaclab/scripts) by extension 'cmake'
[0.534s] [34mcolcon.colcon_core.package_identification[0m [1;30mLevel 1[0m _identify(aic_utils/aic_isaac/aic_isaaclab/scripts) by extension 'python'
[0.534s] [34mcolcon.colcon_core.package_identification[0m [1;30mLevel 1[0m _identify(aic_utils/aic_isaac/aic_isaaclab/scripts) by extensions ['python_setup_py']
[0.534s] [34mcolcon.colcon_core.package_identification[0m [1;30mLevel 1[0m _identify(aic_utils/aic_isaac/aic_isaaclab/scripts) by extension 'python_setup_py'
[0.534s] [34mcolcon.colcon_core.package_identification[0m [1;30mLevel 1[0m _identify(aic_utils/aic_isaac/aic_isaaclab/scripts/rsl_rl) by extensions ['ignore', 'ignore_ament_install']
[0.534s] [34mcolcon.colcon_core.package_identification[0m [1;30mLevel 1[0m _identify(aic_utils/aic_isaac/aic_isaaclab/scripts/rsl_rl) by extension 'ignore'
[0.534s] [34mcolcon.colcon_core.package_identification[0m [1;30mLevel 1[0m _identify(aic_utils/aic_isaac/aic_isaaclab/scripts/rsl_rl) by extension 'ignore_ament_install'
[0.534s] [34mcolcon.colcon_core.package_identification[0m [1;30mLevel 1[0m _identify(aic_utils/aic_isaac/aic_isaaclab/scripts/rsl_rl) by extensions ['colcon_pkg']
[0.534s] [34mcolcon.colcon_core.package_identification[0m [1;30mLevel 1[0m _identify(aic_utils/aic_isaac/aic_isaaclab/scripts/rsl_rl) by extension 'colcon_pkg'
[0.534s] [34mcolcon.colcon_core.package_identification[0m [1;30mLevel 1[0m _identify(aic_utils/aic_isaac/aic_isaaclab/scripts/rsl_rl) by extensions ['colcon_meta']
[0.534s] [34mcolcon.colcon_core.package_identification[0m [1;30mLevel 1[0m _identify(aic_utils/aic_isaac/aic_isaaclab/scripts/rsl_rl) by extension 'colcon_meta'
[0.534s] [34mcolcon.colcon_core.package_identification[0m [1;30mLevel 1[0m _identify(aic_utils/aic_isaac/aic_isaaclab/scripts/rsl_rl) by extensions ['ros']
[0.534s] [34mcolcon.colcon_core.package_identification[0m [1;30mLevel 1[0m _identify(aic_utils/aic_isaac/aic_isaaclab/scripts/rsl_rl) by extension 'ros'
[0.534s] [34mcolcon.colcon_core.package_identification[0m [1;30mLevel 1[0m _identify(aic_utils/aic_isaac/aic_isaaclab/scripts/rsl_rl) by extensions ['cmake', 'python']
[0.534s] [34mcolcon.colcon_core.package_identification[0m [1;30mLevel 1[0m _identify(aic_utils/aic_isaac/aic_isaaclab/scripts/rsl_rl) by extension 'cmake'
[0.534s] [34mcolcon.colcon_core.package_identification[0m [1;30mLevel 1[0m _identify(aic_utils/aic_isaac/aic_isaaclab/scripts/rsl_rl) by extension 'python'
[0.534s] [34mcolcon.colcon_core.package_identification[0m [1;30mLevel 1[0m _identify(aic_utils/aic_isaac/aic_isaaclab/scripts/rsl_rl) by extensions ['python_setup_py']
[0.534s] [34mcolcon.colcon_core.package_identification[0m [1;30mLevel 1[0m _identify(aic_utils/aic_isaac/aic_isaaclab/scripts/rsl_rl) by extension 'python_setup_py'
[0.534s] [34mcolcon.colcon_core.package_identification[0m [1;30mLevel 1[0m _identify(aic_utils/aic_isaac/aic_isaaclab/source) by extensions ['ignore', 'ignore_ament_install']
[0.534s] [34mcolcon.colcon_core.package_identification[0m [1;30mLevel 1[0m _identify(aic_utils/aic_isaac/aic_isaaclab/source) by extension 'ignore'
[0.534s] [34mcolcon.colcon_core.package_identification[0m [1;30mLevel 1[0m _identify(aic_utils/aic_isaac/aic_isaaclab/source) by extension 'ignore_ament_install'
[0.534s] [34mcolcon.colcon_core.package_identification[0m [1;30mLevel 1[0m _identify(aic_utils/aic_isaac/aic_isaaclab/source) by extensions ['colcon_pkg']
[0.534s] [34mcolcon.colcon_core.package_identification[0m [1;30mLevel 1[0m _identify(aic_utils/aic_isaac/aic_isaaclab/source) by extension 'colcon_pkg'
[0.534s] [34mcolcon.colcon_core.package_identification[0m [1;30mLevel 1[0m _identify(aic_utils/aic_isaac/aic_isaaclab/source) by extensions ['colcon_meta']
[0.534s] [34mcolcon.colcon_core.package_identification[0m [1;30mLevel 1[0m _identify(aic_utils/aic_isaac/aic_isaaclab/source) by extension 'colcon_meta'
[0.534s] [34mcolcon.colcon_core.package_identification[0m [1;30mLevel 1[0m _identify(aic_utils/aic_isaac/aic_isaaclab/source) by extensions ['ros']
[0.534s] [34mcolcon.colcon_core.package_identification[0m [1;30mLevel 1[0m _identify(aic_utils/aic_isaac/aic_isaaclab/source) by extension 'ros'
[0.534s] [34mcolcon.colcon_core.package_identification[0m [1;30mLevel 1[0m _identify(aic_utils/aic_isaac/aic_isaaclab/source) by extensions ['cmake', 'python']
[0.534s] [34mcolcon.colcon_core.package_identification[0m [1;30mLevel 1[0m _identify(aic_utils/aic_isaac/aic_isaaclab/source) by extension 'cmake'
[0.534s] [34mcolcon.colcon_core.package_identification[0m [1;30mLevel 1[0m _identify(aic_utils/aic_isaac/aic_isaaclab/source) by extension 'python'
[0.534s] [34mcolcon.colcon_core.package_identification[0m [1;30mLevel 1[0m _identify(aic_utils/aic_isaac/aic_isaaclab/source) by extensions ['python_setup_py']
[0.534s] [34mcolcon.colcon_core.package_identification[0m [1;30mLevel 1[0m _identify(aic_utils/aic_isaac/aic_isaaclab/source) by extension 'python_setup_py'
[0.535s] [34mcolcon.colcon_core.package_identification[0m [1;30mLevel 1[0m _identify(aic_utils/aic_isaac/aic_isaaclab/source/aic_task) by extensions ['ignore', 'ignore_ament_install']
[0.535s] [34mcolcon.colcon_core.package_identification[0m [1;30mLevel 1[0m _identify(aic_utils/aic_isaac/aic_isaaclab/source/aic_task) by extension 'ignore'
[0.535s] [34mcolcon.colcon_core.package_identification[0m [1;30mLevel 1[0m _identify(aic_utils/aic_isaac/aic_isaaclab/source/aic_task) by extension 'ignore_ament_install'
[0.535s] [34mcolcon.colcon_core.package_identification[0m [1;30mLevel 1[0m _identify(aic_utils/aic_isaac/aic_isaaclab/source/aic_task) by extensions ['colcon_pkg']
[0.535s] [34mcolcon.colcon_core.package_identification[0m [1;30mLevel 1[0m _identify(aic_utils/aic_isaac/aic_isaaclab/source/aic_task) by extension 'colcon_pkg'
[0.535s] [34mcolcon.colcon_core.package_identification[0m [1;30mLevel 1[0m _identify(aic_utils/aic_isaac/aic_isaaclab/source/aic_task) by extensions ['colcon_meta']
[0.535s] [34mcolcon.colcon_core.package_identification[0m [1;30mLevel 1[0m _identify(aic_utils/aic_isaac/aic_isaaclab/source/aic_task) by extension 'colcon_meta'
[0.535s] [34mcolcon.colcon_core.package_identification[0m [1;30mLevel 1[0m _identify(aic_utils/aic_isaac/aic_isaaclab/source/aic_task) by extensions ['ros']
[0.535s] [34mcolcon.colcon_core.package_identification[0m [1;30mLevel 1[0m _identify(aic_utils/aic_isaac/aic_isaaclab/source/aic_task) by extension 'ros'
[0.535s] [34mcolcon.colcon_core.package_identification[0m [1;30mLevel 1[0m _identify(aic_utils/aic_isaac/aic_isaaclab/source/aic_task) by extensions ['cmake', 'python']
[0.535s] [34mcolcon.colcon_core.package_identification[0m [1;30mLevel 1[0m _identify(aic_utils/aic_isaac/aic_isaaclab/source/aic_task) by extension 'cmake'
[0.535s] [34mcolcon.colcon_core.package_identification[0m [1;30mLevel 1[0m _identify(aic_utils/aic_isaac/aic_isaaclab/source/aic_task) by extension 'python'
[0.535s] [34mcolcon.colcon_core.package_identification[0m [1;30mLevel 1[0m _identify(aic_utils/aic_isaac/aic_isaaclab/source/aic_task) by extensions ['python_setup_py']
[0.535s] [34mcolcon.colcon_core.package_identification[0m [1;30mLevel 1[0m _identify(aic_utils/aic_isaac/aic_isaaclab/source/aic_task) by extension 'python_setup_py'
[0.938s] [34mcolcon.colcon_core.package_identification[0m [1;30mDEBUG[0m [32mPackage 'aic_utils/aic_isaac/aic_isaaclab/source/aic_task' with type 'python' and name 'aic_task'[0m
[0.938s] [34mcolcon.colcon_core.package_identification[0m [1;30mLevel 1[0m _identify(aic_utils/aic_mujoco) by extensions ['ignore', 'ignore_ament_install']
[0.938s] [34mcolcon.colcon_core.package_identification[0m [1;30mLevel 1[0m _identify(aic_utils/aic_mujoco) by extension 'ignore'
[0.938s] [34mcolcon.colcon_core.package_identification[0m [1;30mLevel 1[0m _identify(aic_utils/aic_mujoco) by extension 'ignore_ament_install'
[0.938s] [34mcolcon.colcon_core.package_identification[0m [1;30mLevel 1[0m _identify(aic_utils/aic_mujoco) by extensions ['colcon_pkg']
[0.938s] [34mcolcon.colcon_core.package_identification[0m [1;30mLevel 1[0m _identify(aic_utils/aic_mujoco) by extension 'colcon_pkg'
[0.938s] [34mcolcon.colcon_core.package_identification[0m [1;30mLevel 1[0m _identify(aic_utils/aic_mujoco) by extensions ['colcon_meta']
[0.938s] [34mcolcon.colcon_core.package_identification[0m [1;30mLevel 1[0m _identify(aic_utils/aic_mujoco) by extension 'colcon_meta'
[0.939s] [34mcolcon.colcon_core.package_identification[0m [1;30mLevel 1[0m _identify(aic_utils/aic_mujoco) by extensions ['ros']
[0.939s] [34mcolcon.colcon_core.package_identification[0m [1;30mLevel 1[0m _identify(aic_utils/aic_mujoco) by extension 'ros'
[0.939s] [34mcolcon.colcon_core.package_identification[0m [1;30mDEBUG[0m [32mPackage 'aic_utils/aic_mujoco' with type 'ros.ament_cmake' and name 'aic_mujoco'[0m
[0.939s] [34mcolcon.colcon_core.package_identification[0m [1;30mLevel 1[0m _identify(aic_utils/aic_teleoperation) by extensions ['ignore', 'ignore_ament_install']
[0.939s] [34mcolcon.colcon_core.package_identification[0m [1;30mLevel 1[0m _identify(aic_utils/aic_teleoperation) by extension 'ignore'
[0.939s] [34mcolcon.colcon_core.package_identification[0m [1;30mLevel 1[0m _identify(aic_utils/aic_teleoperation) by extension 'ignore_ament_install'
[0.939s] [34mcolcon.colcon_core.package_identification[0m [1;30mLevel 1[0m _identify(aic_utils/aic_teleoperation) by extensions ['colcon_pkg']
[0.939s] [34mcolcon.colcon_core.package_identification[0m [1;30mLevel 1[0m _identify(aic_utils/aic_teleoperation) by extension 'colcon_pkg'
[0.939s] [34mcolcon.colcon_core.package_identification[0m [1;30mLevel 1[0m _identify(aic_utils/aic_teleoperation) by extensions ['colcon_meta']
[0.940s] [34mcolcon.colcon_core.package_identification[0m [1;30mLevel 1[0m _identify(aic_utils/aic_teleoperation) by extension 'colcon_meta'
[0.940s] [34mcolcon.colcon_core.package_identification[0m [1;30mLevel 1[0m _identify(aic_utils/aic_teleoperation) by extensions ['ros']
[0.940s] [34mcolcon.colcon_core.package_identification[0m [1;30mLevel 1[0m _identify(aic_utils/aic_teleoperation) by extension 'ros'
[0.940s] [34mcolcon.colcon_core.package_identification[0m [1;30mDEBUG[0m [32mPackage 'aic_utils/aic_teleoperation' with type 'ros.ament_python' and name 'aic_teleoperation'[0m
[0.940s] [34mcolcon.colcon_core.package_identification[0m [1;30mLevel 1[0m _identify(aic_utils/lerobot_robot_aic) by extensions ['ignore', 'ignore_ament_install']
[0.940s] [34mcolcon.colcon_core.package_identification[0m [1;30mLevel 1[0m _identify(aic_utils/lerobot_robot_aic) by extension 'ignore'
[0.940s] [34mcolcon.colcon_core.package_identification[0m [1;30mLevel 1[0m _identify(aic_utils/lerobot_robot_aic) by extension 'ignore_ament_install'
[0.940s] [34mcolcon.colcon_core.package_identification[0m [1;30mLevel 1[0m _identify(aic_utils/lerobot_robot_aic) by extensions ['colcon_pkg']
[0.940s] [34mcolcon.colcon_core.package_identification[0m [1;30mLevel 1[0m _identify(aic_utils/lerobot_robot_aic) by extension 'colcon_pkg'
[0.940s] [34mcolcon.colcon_core.package_identification[0m [1;30mLevel 1[0m _identify(aic_utils/lerobot_robot_aic) by extensions ['colcon_meta']
[0.940s] [34mcolcon.colcon_core.package_identification[0m [1;30mLevel 1[0m _identify(aic_utils/lerobot_robot_aic) by extension 'colcon_meta'
[0.940s] [34mcolcon.colcon_core.package_identification[0m [1;30mLevel 1[0m _identify(aic_utils/lerobot_robot_aic) by extensions ['ros']
[0.940s] [34mcolcon.colcon_core.package_identification[0m [1;30mLevel 1[0m _identify(aic_utils/lerobot_robot_aic) by extension 'ros'
[0.941s] [34mcolcon.colcon_core.package_identification[0m [1;30mDEBUG[0m [32mPackage 'aic_utils/lerobot_robot_aic' with type 'ros.ament_python' and name 'lerobot_robot_aic'[0m
[0.941s] [34mcolcon.colcon_core.package_identification[0m [1;30mLevel 1[0m _identify(build) by extensions ['ignore', 'ignore_ament_install']
[0.941s] [34mcolcon.colcon_core.package_identification[0m [1;30mLevel 1[0m _identify(build) by extension 'ignore'
[0.941s] [34mcolcon.colcon_core.package_identification[0m [1;30mLevel 1[0m _identify(build) ignored
[0.941s] [34mcolcon.colcon_core.package_identification[0m [1;30mLevel 1[0m _identify(docker) by extensions ['ignore', 'ignore_ament_install']
[0.941s] [34mcolcon.colcon_core.package_identification[0m [1;30mLevel 1[0m _identify(docker) by extension 'ignore'
[0.941s] [34mcolcon.colcon_core.package_identification[0m [1;30mLevel 1[0m _identify(docker) by extension 'ignore_ament_install'
[0.941s] [34mcolcon.colcon_core.package_identification[0m [1;30mLevel 1[0m _identify(docker) by extensions ['colcon_pkg']
[0.941s] [34mcolcon.colcon_core.package_identification[0m [1;30mLevel 1[0m _identify(docker) by extension 'colcon_pkg'
[0.941s] [34mcolcon.colcon_core.package_identification[0m [1;30mLevel 1[0m _identify(docker) by extensions ['colcon_meta']
[0.941s] [34mcolcon.colcon_core.package_identification[0m [1;30mLevel 1[0m _identify(docker) by extension 'colcon_meta'
[0.941s] [34mcolcon.colcon_core.package_identification[0m [1;30mLevel 1[0m _identify(docker) by extensions ['ros']
[0.941s] [34mcolcon.colcon_core.package_identification[0m [1;30mLevel 1[0m _identify(docker) by extension 'ros'
[0.941s] [34mcolcon.colcon_core.package_identification[0m [1;30mLevel 1[0m _identify(docker) by extensions ['cmake', 'python']
[0.941s] [34mcolcon.colcon_core.package_identification[0m [1;30mLevel 1[0m _identify(docker) by extension 'cmake'
[0.941s] [34mcolcon.colcon_core.package_identification[0m [1;30mLevel 1[0m _identify(docker) by extension 'python'
[0.941s] [34mcolcon.colcon_core.package_identification[0m [1;30mLevel 1[0m _identify(docker) by extensions ['python_setup_py']
[0.941s] [34mcolcon.colcon_core.package_identification[0m [1;30mLevel 1[0m _identify(docker) by extension 'python_setup_py'
[0.941s] [34mcolcon.colcon_core.package_identification[0m [1;30mLevel 1[0m _identify(docker/aic_eval) by extensions ['ignore', 'ignore_ament_install']
[0.941s] [34mcolcon.colcon_core.package_identification[0m [1;30mLevel 1[0m _identify(docker/aic_eval) by extension 'ignore'
[0.941s] [34mcolcon.colcon_core.package_identification[0m [1;30mLevel 1[0m _identify(docker/aic_eval) by extension 'ignore_ament_install'
[0.941s] [34mcolcon.colcon_core.package_identification[0m [1;30mLevel 1[0m _identify(docker/aic_eval) by extensions ['colcon_pkg']
[0.941s] [34mcolcon.colcon_core.package_identification[0m [1;30mLevel 1[0m _identify(docker/aic_eval) by extension 'colcon_pkg'
[0.941s] [34mcolcon.colcon_core.package_identification[0m [1;30mLevel 1[0m _identify(docker/aic_eval) by extensions ['colcon_meta']
[0.941s] [34mcolcon.colcon_core.package_identification[0m [1;30mLevel 1[0m _identify(docker/aic_eval) by extension 'colcon_meta'
[0.942s] [34mcolcon.colcon_core.package_identification[0m [1;30mLevel 1[0m _identify(docker/aic_eval) by extensions ['ros']
[0.942s] [34mcolcon.colcon_core.package_identification[0m [1;30mLevel 1[0m _identify(docker/aic_eval) by extension 'ros'
[0.942s] [34mcolcon.colcon_core.package_identification[0m [1;30mLevel 1[0m _identify(docker/aic_eval) by extensions ['cmake', 'python']
[0.942s] [34mcolcon.colcon_core.package_identification[0m [1;30mLevel 1[0m _identify(docker/aic_eval) by extension 'cmake'
[0.942s] [34mcolcon.colcon_core.package_identification[0m [1;30mLevel 1[0m _identify(docker/aic_eval) by extension 'python'
[0.942s] [34mcolcon.colcon_core.package_identification[0m [1;30mLevel 1[0m _identify(docker/aic_eval) by extensions ['python_setup_py']
[0.942s] [34mcolcon.colcon_core.package_identification[0m [1;30mLevel 1[0m _identify(docker/aic_eval) by extension 'python_setup_py'
[0.942s] [34mcolcon.colcon_core.package_identification[0m [1;30mLevel 1[0m _identify(docker/aic_model) by extensions ['ignore', 'ignore_ament_install']
[0.942s] [34mcolcon.colcon_core.package_identification[0m [1;30mLevel 1[0m _identify(docker/aic_model) by extension 'ignore'
[0.942s] [34mcolcon.colcon_core.package_identification[0m [1;30mLevel 1[0m _identify(docker/aic_model) by extension 'ignore_ament_install'
[0.942s] [34mcolcon.colcon_core.package_identification[0m [1;30mLevel 1[0m _identify(docker/aic_model) by extensions ['colcon_pkg']
[0.942s] [34mcolcon.colcon_core.package_identification[0m [1;30mLevel 1[0m _identify(docker/aic_model) by extension 'colcon_pkg'
[0.942s] [34mcolcon.colcon_core.package_identification[0m [1;30mLevel 1[0m _identify(docker/aic_model) by extensions ['colcon_meta']
[0.942s] [34mcolcon.colcon_core.package_identification[0m [1;30mLevel 1[0m _identify(docker/aic_model) by extension 'colcon_meta'
[0.942s] [34mcolcon.colcon_core.package_identification[0m [1;30mLevel 1[0m _identify(docker/aic_model) by extensions ['ros']
[0.942s] [34mcolcon.colcon_core.package_identification[0m [1;30mLevel 1[0m _identify(docker/aic_model) by extension 'ros'
[0.942s] [34mcolcon.colcon_core.package_identification[0m [1;30mLevel 1[0m _identify(docker/aic_model) by extensions ['cmake', 'python']
[0.942s] [34mcolcon.colcon_core.package_identification[0m [1;30mLevel 1[0m _identify(docker/aic_model) by extension 'cmake'
[0.942s] [34mcolcon.colcon_core.package_identification[0m [1;30mLevel 1[0m _identify(docker/aic_model) by extension 'python'
[0.942s] [34mcolcon.colcon_core.package_identification[0m [1;30mLevel 1[0m _identify(docker/aic_model) by extensions ['python_setup_py']
[0.942s] [34mcolcon.colcon_core.package_identification[0m [1;30mLevel 1[0m _identify(docker/aic_model) by extension 'python_setup_py'
[0.942s] [34mcolcon.colcon_core.package_identification[0m [1;30mLevel 1[0m _identify(docker/rmw_zenohd) by extensions ['ignore', 'ignore_ament_install']
[0.942s] [34mcolcon.colcon_core.package_identification[0m [1;30mLevel 1[0m _identify(docker/rmw_zenohd) by extension 'ignore'
[0.942s] [34mcolcon.colcon_core.package_identification[0m [1;30mLevel 1[0m _identify(docker/rmw_zenohd) by extension 'ignore_ament_install'
[0.942s] [34mcolcon.colcon_core.package_identification[0m [1;30mLevel 1[0m _identify(docker/rmw_zenohd) by extensions ['colcon_pkg']
[0.942s] [34mcolcon.colcon_core.package_identification[0m [1;30mLevel 1[0m _identify(docker/rmw_zenohd) by extension 'colcon_pkg'
[0.942s] [34mcolcon.colcon_core.package_identification[0m [1;30mLevel 1[0m _identify(docker/rmw_zenohd) by extensions ['colcon_meta']
[0.942s] [34mcolcon.colcon_core.package_identification[0m [1;30mLevel 1[0m _identify(docker/rmw_zenohd) by extension 'colcon_meta'
[0.942s] [34mcolcon.colcon_core.package_identification[0m [1;30mLevel 1[0m _identify(docker/rmw_zenohd) by extensions ['ros']
[0.942s] [34mcolcon.colcon_core.package_identification[0m [1;30mLevel 1[0m _identify(docker/rmw_zenohd) by extension 'ros'
[0.942s] [34mcolcon.colcon_core.package_identification[0m [1;30mLevel 1[0m _identify(docker/rmw_zenohd) by extensions ['cmake', 'python']
[0.942s] [34mcolcon.colcon_core.package_identification[0m [1;30mLevel 1[0m _identify(docker/rmw_zenohd) by extension 'cmake'
[0.942s] [34mcolcon.colcon_core.package_identification[0m [1;30mLevel 1[0m _identify(docker/rmw_zenohd) by extension 'python'
[0.942s] [34mcolcon.colcon_core.package_identification[0m [1;30mLevel 1[0m _identify(docker/rmw_zenohd) by extensions ['python_setup_py']
[0.942s] [34mcolcon.colcon_core.package_identification[0m [1;30mLevel 1[0m _identify(docker/rmw_zenohd) by extension 'python_setup_py'
[0.942s] [34mcolcon.colcon_core.package_identification[0m [1;30mLevel 1[0m _identify(docs) by extensions ['ignore', 'ignore_ament_install']
[0.942s] [34mcolcon.colcon_core.package_identification[0m [1;30mLevel 1[0m _identify(docs) by extension 'ignore'
[0.942s] [34mcolcon.colcon_core.package_identification[0m [1;30mLevel 1[0m _identify(docs) by extension 'ignore_ament_install'
[0.942s] [34mcolcon.colcon_core.package_identification[0m [1;30mLevel 1[0m _identify(docs) by extensions ['colcon_pkg']
[0.942s] [34mcolcon.colcon_core.package_identification[0m [1;30mLevel 1[0m _identify(docs) by extension 'colcon_pkg'
[0.942s] [34mcolcon.colcon_core.package_identification[0m [1;30mLevel 1[0m _identify(docs) by extensions ['colcon_meta']
[0.942s] [34mcolcon.colcon_core.package_identification[0m [1;30mLevel 1[0m _identify(docs) by extension 'colcon_meta'
[0.942s] [34mcolcon.colcon_core.package_identification[0m [1;30mLevel 1[0m _identify(docs) by extensions ['ros']
[0.942s] [34mcolcon.colcon_core.package_identification[0m [1;30mLevel 1[0m _identify(docs) by extension 'ros'
[0.943s] [34mcolcon.colcon_core.package_identification[0m [1;30mLevel 1[0m _identify(docs) by extensions ['cmake', 'python']
[0.943s] [34mcolcon.colcon_core.package_identification[0m [1;30mLevel 1[0m _identify(docs) by extension 'cmake'
[0.943s] [34mcolcon.colcon_core.package_identification[0m [1;30mLevel 1[0m _identify(docs) by extension 'python'
[0.943s] [34mcolcon.colcon_core.package_identification[0m [1;30mLevel 1[0m _identify(docs) by extensions ['python_setup_py']
[0.943s] [34mcolcon.colcon_core.package_identification[0m [1;30mLevel 1[0m _identify(docs) by extension 'python_setup_py'
[0.943s] [34mcolcon.colcon_core.package_identification[0m [1;30mLevel 1[0m _identify(install) by extensions ['ignore', 'ignore_ament_install']
[0.943s] [34mcolcon.colcon_core.package_identification[0m [1;30mLevel 1[0m _identify(install) by extension 'ignore'
[0.943s] [34mcolcon.colcon_core.package_identification[0m [1;30mLevel 1[0m _identify(install) ignored
[0.943s] [34mcolcon.colcon_core.package_identification[0m [1;30mLevel 1[0m _identify(log) by extensions ['ignore', 'ignore_ament_install']
[0.943s] [34mcolcon.colcon_core.package_identification[0m [1;30mLevel 1[0m _identify(log) by extension 'ignore'
[0.943s] [34mcolcon.colcon_core.package_identification[0m [1;30mLevel 1[0m _identify(log) ignored
[0.943s] [34mcolcon.colcon_core.package_discovery[0m [1;30mLevel 1[0m discover_packages(recursive) using defaults
[0.943s] [34mcolcon.colcon_core.package_discovery[0m [1;30mLevel 1[0m discover_packages(ignore) discover
[0.943s] [34mcolcon.colcon_core.package_discovery[0m [1;30mLevel 1[0m discover_packages(ignore) using defaults
[0.943s] [34mcolcon.colcon_core.package_discovery[0m [1;30mLevel 1[0m discover_packages(path) discover
[0.943s] [34mcolcon.colcon_core.package_discovery[0m [1;30mLevel 1[0m discover_packages(path) using defaults
[0.964s] [34mcolcon.colcon_core.package_selection[0m [1;30mINFO[0m Skipping not selected package 'aic_assets' in 'aic_assets'
[0.964s] [34mcolcon.colcon_core.package_selection[0m [1;30mINFO[0m Skipping not selected package 'aic_control_interfaces' in 'aic_interfaces/aic_control_interfaces'
[0.964s] [34mcolcon.colcon_core.package_selection[0m [1;30mINFO[0m Skipping not selected package 'aic_engine_interfaces' in 'aic_interfaces/aic_engine_interfaces'
[0.964s] [34mcolcon.colcon_core.package_selection[0m [1;30mINFO[0m Skipping not selected package 'aic_task' in 'aic_utils/aic_isaac/aic_isaaclab/source/aic_task'
[0.964s] [34mcolcon.colcon_core.package_selection[0m [1;30mINFO[0m Skipping not selected package 'aic_task_interfaces' in 'aic_interfaces/aic_task_interfaces'
[0.964s] [34mcolcon.colcon_core.package_selection[0m [1;30mINFO[0m Skipping not selected package 'aic_controller' in 'aic_controller'
[0.964s] [34mcolcon.colcon_core.package_selection[0m [1;30mINFO[0m Skipping not selected package 'aic_description' in 'aic_description'
[0.964s] [34mcolcon.colcon_core.package_selection[0m [1;30mINFO[0m Skipping not selected package 'aic_gazebo' in 'aic_gazebo'
[0.964s] [34mcolcon.colcon_core.package_selection[0m [1;30mINFO[0m Skipping not selected package 'aic_model_interfaces' in 'aic_interfaces/aic_model_interfaces'
[0.964s] [34mcolcon.colcon_core.package_selection[0m [1;30mINFO[0m Skipping not selected package 'aic_scoring' in 'aic_scoring'
[0.964s] [34mcolcon.colcon_core.package_selection[0m [1;30mINFO[0m Skipping not selected package 'aic_teleoperation' in 'aic_utils/aic_teleoperation'
[0.964s] [34mcolcon.colcon_core.package_selection[0m [1;30mINFO[0m Skipping not selected package 'lerobot_robot_aic' in 'aic_utils/lerobot_robot_aic'
[0.964s] [34mcolcon.colcon_core.package_selection[0m [1;30mINFO[0m Skipping not selected package 'aic_adapter' in 'aic_adapter'
[0.964s] [34mcolcon.colcon_core.package_selection[0m [1;30mINFO[0m Skipping not selected package 'aic_engine' in 'aic_engine'
[0.964s] [34mcolcon.colcon_core.package_selection[0m [1;30mINFO[0m Skipping not selected package 'aic_model' in 'aic_model'
[0.964s] [34mcolcon.colcon_core.package_selection[0m [1;30mINFO[0m Skipping not selected package 'aic_bringup' in 'aic_bringup'
[0.964s] [34mcolcon.colcon_core.package_selection[0m [1;30mINFO[0m Skipping not selected package 'aic_example_policies' in 'aic_example_policies'
[0.965s] [34mcolcon.colcon_core.verb[0m [1;30mLevel 5[0m set package 'aic_mujoco' build argument 'cmake_args' from command line to 'None'
[0.965s] [34mcolcon.colcon_core.verb[0m [1;30mLevel 5[0m set package 'aic_mujoco' build argument 'cmake_target' from command line to 'None'
[0.965s] [34mcolcon.colcon_core.verb[0m [1;30mLevel 5[0m set package 'aic_mujoco' build argument 'cmake_target_skip_unavailable' from command line to 'False'
[0.965s] [34mcolcon.colcon_core.verb[0m [1;30mLevel 5[0m set package 'aic_mujoco' build argument 'cmake_clean_cache' from command line to 'False'
[0.965s] [34mcolcon.colcon_core.verb[0m [1;30mLevel 5[0m set package 'aic_mujoco' build argument 'cmake_clean_first' from command line to 'False'
[0.965s] [34mcolcon.colcon_core.verb[0m [1;30mLevel 5[0m set package 'aic_mujoco' build argument 'cmake_force_configure' from command line to 'False'
[0.965s] [34mcolcon.colcon_core.verb[0m [1;30mLevel 5[0m set package 'aic_mujoco' build argument 'ament_cmake_args' from command line to 'None'
[0.965s] [34mcolcon.colcon_core.verb[0m [1;30mLevel 5[0m set package 'aic_mujoco' build argument 'catkin_cmake_args' from command line to 'None'
[0.965s] [34mcolcon.colcon_core.verb[0m [1;30mLevel 5[0m set package 'aic_mujoco' build argument 'catkin_skip_building_tests' from command line to 'False'
[0.965s] [34mcolcon.colcon_core.verb[0m [1;30mDEBUG[0m [32mBuilding package 'aic_mujoco' with the following arguments: {'ament_cmake_args': None, 'build_base': '/Users/wen-chungcheng/ws_aic/src/aic/build/aic_mujoco', 'catkin_cmake_args': None, 'catkin_skip_building_tests': False, 'cmake_args': None, 'cmake_clean_cache': False, 'cmake_clean_first': False, 'cmake_force_configure': False, 'cmake_target': None, 'cmake_target_skip_unavailable': False, 'install_base': '/Users/wen-chungcheng/ws_aic/src/aic/install/aic_mujoco', 'merge_install': False, 'path': '/Users/wen-chungcheng/ws_aic/src/aic/aic_utils/aic_mujoco', 'symlink_install': False, 'test_result_base': None}[0m
[0.965s] [34mcolcon.colcon_core.executor[0m [1;30mINFO[0m Executing jobs using 'parallel' executor
[0.965s] [34mcolcon.colcon_parallel_executor.executor.parallel[0m [1;30mDEBUG[0m [32mrun_until_complete[0m
[0.966s] [34mcolcon.colcon_ros.task.ament_cmake.build[0m [1;30mINFO[0m Building ROS package in '/Users/wen-chungcheng/ws_aic/src/aic/aic_utils/aic_mujoco' with build type 'ament_cmake'
[0.966s] [34mcolcon.colcon_cmake.task.cmake.build[0m [1;30mINFO[0m Building CMake package in '/Users/wen-chungcheng/ws_aic/src/aic/aic_utils/aic_mujoco'
[0.969s] [34mcolcon.colcon_core.plugin_system[0m [1;30mINFO[0m Skipping extension 'colcon_core.shell.bat': Not used on non-Windows systems
[0.969s] [34mcolcon.colcon_core.shell[0m [1;30mINFO[0m Skip shell extension 'powershell' for command environment: Not usable outside of PowerShell
[0.969s] [34mcolcon.colcon_core.shell[0m [1;30mDEBUG[0m [32mSkip shell extension 'dsv' for command environment[0m
[1.062s] [34mcolcon.colcon_core.event_handler.log_command[0m [1;30mDEBUG[0m [32mInvoking command in '/Users/wen-chungcheng/ws_aic/src/aic/build/aic_mujoco': CMAKE_PREFIX_PATH=/Users/wen-chungcheng/ws_aic/src/aic/install/aic_adapter:/Users/wen-chungcheng/ws_aic/src/aic/install/aic_model_interfaces:/Users/wen-chungcheng/ws_aic/src/aic/install/aic_control_interfaces:/Users/wen-chungcheng/ws_aic/src/aic/install/aic_description:/Users/wen-chungcheng/ws_aic/src/aic/install/ur_description:/Users/wen-chungcheng/ws_aic/src/aic/install/ur_client_library:/Users/wen-chungcheng/ws_aic/src/aic/install/diagnostics:/Users/wen-chungcheng/ws_aic/src/aic/install/self_test:/Users/wen-chungcheng/ws_aic/src/aic/install/ros2_control_test_assets:/Users/wen-chungcheng/ws_aic/src/aic/install/joint_limits:/Users/wen-chungcheng/ws_aic/src/aic/install/realtime_tools:/Users/wen-chungcheng/ws_aic/src/aic/install/kinematics_interface_pinocchio:/Users/wen-chungcheng/ws_aic/src/aic/install/kinematics_interface_kdl:/Users/wen-chungcheng/ws_aic/src/aic/install/kinematics_interface:/Users/wen-chungcheng/ws_aic/src/aic/install/gz_plugin_vendor/opt/gz_plugin_vendor:/Users/wen-chungcheng/ws_aic/src/aic/install/gz_plugin_vendor:/Users/wen-chungcheng/ws_aic/src/aic/install/gz_common_vendor/opt/gz_common_vendor:/Users/wen-chungcheng/ws_aic/src/aic/install/gz_common_vendor:/Users/wen-chungcheng/ws_aic/src/aic/install/gz_math_vendor:/Users/wen-chungcheng/ws_aic/src/aic/install/gz_utils_vendor:/Users/wen-chungcheng/ws_aic/src/aic/install/gz_tools_vendor:/Users/wen-chungcheng/ws_aic/src/aic/install/gz_cmake_vendor:/Users/wen-chungcheng/ws_aic/src/aic/install/gz-plugin3:/Users/wen-chungcheng/ws_aic/src/aic/install/gz-utils3:/Users/wen-chungcheng/ws_aic/src/aic/install/gz-tools2:/Users/wen-chungcheng/ws_aic/src/aic/install/gz-cmake4:/Users/wen-chungcheng/ws_aic/src/aic/install/diagnostic_common_diagnostics:/Users/wen-chungcheng/ws_aic/src/aic/install/diagnostic_updater:/Users/wen-chungcheng/ws_aic/src/aic/install/diagnostic_aggregator:/Users/wen-chungcheng/ws_aic/src/aic/install/controller_manager_msgs:/Users/wen-chungcheng/ws_aic/src/aic/install/aic_task_interfaces:/Users/wen-chungcheng/ws_aic/src/aic/install/aic_mujoco:/Users/wen-chungcheng/ws_aic/src/aic/install/aic_engine_interfaces:/Users/wen-chungcheng/ws_aic/src/aic/install/aic_assets:/Users/wen-chungcheng/ws_aic/install/ur_msgs:/Users/wen-chungcheng/ws_aic/install/aic_description:/Users/wen-chungcheng/ws_aic/install/ur_description:/Users/wen-chungcheng/ws_aic/install/ur_client_library:/Users/wen-chungcheng/ws_aic/install/sdformat_vendor/opt/sdformat_vendor:/Users/wen-chungcheng/ws_aic/install/sdformat_vendor:/Users/wen-chungcheng/ws_aic/install/aic_bringup:/Users/wen-chungcheng/ws_aic/install/aic_scoring:/Users/wen-chungcheng/ws_aic/install/ros_gz_interfaces:/Users/wen-chungcheng/ws_aic/install/mujoco_ros2_control:/Users/wen-chungcheng/ws_aic/install/ros2_control_test_assets:/Users/wen-chungcheng/ws_aic/install/joint_state_broadcaster:/Users/wen-chungcheng/ws_aic/install/effort_controllers:/Users/wen-chungcheng/ws_aic/install/forward_command_controller:/Users/wen-chungcheng/ws_aic/install/force_torque_sensor_broadcaster:/Users/wen-chungcheng/ws_aic/install/controller_manager:/Users/wen-chungcheng/ws_aic/install/aic_controller:/Users/wen-chungcheng/ws_aic/install/hardware_interface:/Users/wen-chungcheng/ws_aic/install/joint_limits:/Users/wen-chungcheng/ws_aic/install/control_toolbox:/Users/wen-chungcheng/ws_aic/install/realtime_tools:/Users/wen-chungcheng/ws_aic/install/mujoco_vendor/opt/mujoco_vendor:/Users/wen-chungcheng/ws_aic/install/mujoco_vendor:/Users/wen-chungcheng/ws_aic/install/kinematics_interface_pinocchio:/Users/wen-chungcheng/ws_aic/install/kinematics_interface_kdl:/Users/wen-chungcheng/ws_aic/install/kinematics_interface:/Users/wen-chungcheng/ws_aic/install/gz_transport_vendor/opt/gz_transport_vendor:/Users/wen-chungcheng/ws_aic/install/gz_transport_vendor:/Users/wen-chungcheng/ws_aic/install/gz_plugin_vendor:/Users/wen-chungcheng/ws_aic/install/gz_msgs_vendor:/Users/wen-chungcheng/ws_aic/install/gz_common_vendor:/Users/wen-chungcheng/ws_aic/install/gz_math_vendor:/Users/wen-chungcheng/ws_aic/install/gz_utils_vendor:/Users/wen-chungcheng/ws_aic/install/gz_tools_vendor:/Users/wen-chungcheng/ws_aic/install/gz_cmake_vendor:/Users/wen-chungcheng/ws_aic/install/gz-plugin3:/Users/wen-chungcheng/ws_aic/install/gz-msgs11:/Users/wen-chungcheng/ws_aic/install/gz-common6:/Users/wen-chungcheng/ws_aic/install/gz-math8:/Users/wen-chungcheng/ws_aic/install/gz-utils3:/Users/wen-chungcheng/ws_aic/install/gz-tools2:/Users/wen-chungcheng/ws_aic/install/gz-cmake4:/Users/wen-chungcheng/ws_aic/install/diagnostic_updater:/Users/wen-chungcheng/ws_aic/install/controller_manager_msgs:/Users/wen-chungcheng/ws_aic/install/control_msgs:/Users/wen-chungcheng/ws_aic/install/aic_task_interfaces:/Users/wen-chungcheng/ws_aic/install/aic_mujoco:/Users/wen-chungcheng/ws_aic/install/aic_adapter:/Users/wen-chungcheng/ws_aic/install/aic_model_interfaces:/Users/wen-chungcheng/ws_aic/install/aic_engine_interfaces:/Users/wen-chungcheng/ws_aic/install/aic_control_interfaces:/Users/wen-chungcheng/ws_aic/install/aic_assets:/Users/wen-chungcheng/ws_aic/src/aic/.pixi/envs/default:/Users/wen-chungcheng/ws_aic/src/aic/install/ros2_controllers_test_nodes:/Users/wen-chungcheng/ws_aic/src/aic/install/lerobot_robot_aic:/Users/wen-chungcheng/ws_aic/src/aic/install/joint_state_publisher_gui:/Users/wen-chungcheng/ws_aic/src/aic/install/joint_state_publisher:/Users/wen-chungcheng/ws_aic/src/aic/install/aic_teleoperation:/Users/wen-chungcheng/ws_aic/src/aic/install/aic_example_policies:/Users/wen-chungcheng/ws_aic/src/aic/install/aic_model:/Users/wen-chungcheng/ws_aic/install/rqt_joint_trajectory_controller:/Users/wen-chungcheng/ws_aic/install/ros2controlcli:/Users/wen-chungcheng/ws_aic/install/ros2_controllers_test_nodes:/Users/wen-chungcheng/ws_aic/install/hardware_interface_testing:/Users/wen-chungcheng/ws_aic/install/controller_interface:/Users/wen-chungcheng/ws_aic/install/lerobot_robot_aic:/Users/wen-chungcheng/ws_aic/install/joint_state_publisher_gui:/Users/wen-chungcheng/ws_aic/install/joint_state_publisher:/Users/wen-chungcheng/ws_aic/install/aic_teleoperation:/Users/wen-chungcheng/ws_aic/install/aic_example_policies:/Users/wen-chungcheng/ws_aic/install/aic_model PIXI_PROMPT=(aic) PYTHONPATH=/Users/wen-chungcheng/ws_aic/src/aic/install/aic_model_interfaces/lib/python3.12/site-packages:/Users/wen-chungcheng/ws_aic/src/aic/install/aic_control_interfaces/lib/python3.12/site-packages:/Users/wen-chungcheng/ws_aic/src/aic/install/sdformat_mjcf/lib/python3.12/site-packages:/Users/wen-chungcheng/ws_aic/src/aic/install/ros2_controllers_test_nodes/lib/python3.12/site-packages:/Users/wen-chungcheng/ws_aic/src/aic/install/lerobot_robot_aic/lib/python3.12/site-packages:/Users/wen-chungcheng/ws_aic/src/aic/install/joint_state_publisher_gui/lib/python3.12/site-packages:/Users/wen-chungcheng/ws_aic/src/aic/install/joint_state_publisher/lib/python3.12/site-packages:/Users/wen-chungcheng/ws_aic/src/aic/install/diagnostic_common_diagnostics/lib/python3.12/site-packages:/Users/wen-chungcheng/ws_aic/src/aic/install/diagnostic_updater/lib/python3.12/site-packages:/Users/wen-chungcheng/ws_aic/src/aic/install/diagnostic_aggregator/lib/python3.12/site-packages:/Users/wen-chungcheng/ws_aic/src/aic/install/controller_manager_msgs/lib/python3.12/site-packages:/Users/wen-chungcheng/ws_aic/src/aic/install/aic_teleoperation/lib/python3.12/site-packages:/Users/wen-chungcheng/ws_aic/src/aic/install/aic_example_policies/lib/python3.12/site-packages:/Users/wen-chungcheng/ws_aic/src/aic/install/aic_model/lib/python3.12/site-packages:/Users/wen-chungcheng/ws_aic/src/aic/install/aic_task_interfaces/lib/python3.12/site-packages:/Users/wen-chungcheng/ws_aic/src/aic/install/aic_task/lib/python3.12/site-packages:/Users/wen-chungcheng/ws_aic/src/aic/install/aic_engine_interfaces/lib/python3.12/site-packages:/Users/wen-chungcheng/ws_aic/install/ur_msgs/lib/python3.12/site-packages:/Users/wen-chungcheng/ws_aic/install/rqt_joint_trajectory_controller/lib/python3.12/site-packages:/Users/wen-chungcheng/ws_aic/install/ros_gz_interfaces/lib/python3.12/site-packages:/Users/wen-chungcheng/ws_aic/install/ros2controlcli/lib/python3.12/site-packages:/Users/wen-chungcheng/ws_aic/install/ros2_controllers_test_nodes/lib/python3.12/site-packages:/Users/wen-chungcheng/ws_aic/install/controller_manager/lib/python3.12/site-packages:/Users/wen-chungcheng/ws_aic/install/lerobot_robot_aic/lib/python3.12/site-packages:/Users/wen-chungcheng/ws_aic/install/joint_state_publisher_gui/lib/python3.12/site-packages:/Users/wen-chungcheng/ws_aic/install/joint_state_publisher/lib/python3.12/site-packages:/Users/wen-chungcheng/ws_aic/install/diagnostic_updater/lib/python3.12/site-packages:/Users/wen-chungcheng/ws_aic/install/controller_manager_msgs/lib/python3.12/site-packages:/Users/wen-chungcheng/ws_aic/install/control_msgs/lib/python3.12/site-packages:/Users/wen-chungcheng/ws_aic/install/aic_teleoperation/lib/python3.12/site-packages:/Users/wen-chungcheng/ws_aic/install/aic_example_policies/lib/python3.12/site-packages:/Users/wen-chungcheng/ws_aic/install/aic_model/lib/python3.12/site-packages:/Users/wen-chungcheng/ws_aic/install/aic_task_interfaces/lib/python3.12/site-packages:/Users/wen-chungcheng/ws_aic/install/aic_task/lib/python3.12/site-packages:/Users/wen-chungcheng/ws_aic/install/aic_model_interfaces/lib/python3.12/site-packages:/Users/wen-chungcheng/ws_aic/install/aic_engine_interfaces/lib/python3.12/site-packages:/Users/wen-chungcheng/ws_aic/install/aic_control_interfaces/lib/python3.12/site-packages:/Users/wen-chungcheng/ws_aic/src/aic/.pixi/envs/default/lib/python/site-packages:/Users/wen-chungcheng/ws_aic/src/aic/.pixi/envs/default/lib/python3.12/site-packages SHLVL=3 _=/usr/bin/env /Users/wen-chungcheng/ws_aic/src/aic/.pixi/envs/default/bin/cmake --build /Users/wen-chungcheng/ws_aic/src/aic/build/aic_mujoco -- -j16 -l16[0m
[1.547s] [34mcolcon.colcon_core.event_handler.log_command[0m [1;30mDEBUG[0m [32mInvoked command in '/Users/wen-chungcheng/ws_aic/src/aic/build/aic_mujoco' returned '0': CMAKE_PREFIX_PATH=/Users/wen-chungcheng/ws_aic/src/aic/install/aic_adapter:/Users/wen-chungcheng/ws_aic/src/aic/install/aic_model_interfaces:/Users/wen-chungcheng/ws_aic/src/aic/install/aic_control_interfaces:/Users/wen-chungcheng/ws_aic/src/aic/install/aic_description:/Users/wen-chungcheng/ws_aic/src/aic/install/ur_description:/Users/wen-chungcheng/ws_aic/src/aic/install/ur_client_library:/Users/wen-chungcheng/ws_aic/src/aic/install/diagnostics:/Users/wen-chungcheng/ws_aic/src/aic/install/self_test:/Users/wen-chungcheng/ws_aic/src/aic/install/ros2_control_test_assets:/Users/wen-chungcheng/ws_aic/src/aic/install/joint_limits:/Users/wen-chungcheng/ws_aic/src/aic/install/realtime_tools:/Users/wen-chungcheng/ws_aic/src/aic/install/kinematics_interface_pinocchio:/Users/wen-chungcheng/ws_aic/src/aic/install/kinematics_interface_kdl:/Users/wen-chungcheng/ws_aic/src/aic/install/kinematics_interface:/Users/wen-chungcheng/ws_aic/src/aic/install/gz_plugin_vendor/opt/gz_plugin_vendor:/Users/wen-chungcheng/ws_aic/src/aic/install/gz_plugin_vendor:/Users/wen-chungcheng/ws_aic/src/aic/install/gz_common_vendor/opt/gz_common_vendor:/Users/wen-chungcheng/ws_aic/src/aic/install/gz_common_vendor:/Users/wen-chungcheng/ws_aic/src/aic/install/gz_math_vendor:/Users/wen-chungcheng/ws_aic/src/aic/install/gz_utils_vendor:/Users/wen-chungcheng/ws_aic/src/aic/install/gz_tools_vendor:/Users/wen-chungcheng/ws_aic/src/aic/install/gz_cmake_vendor:/Users/wen-chungcheng/ws_aic/src/aic/install/gz-plugin3:/Users/wen-chungcheng/ws_aic/src/aic/install/gz-utils3:/Users/wen-chungcheng/ws_aic/src/aic/install/gz-tools2:/Users/wen-chungcheng/ws_aic/src/aic/install/gz-cmake4:/Users/wen-chungcheng/ws_aic/src/aic/install/diagnostic_common_diagnostics:/Users/wen-chungcheng/ws_aic/src/aic/install/diagnostic_updater:/Users/wen-chungcheng/ws_aic/src/aic/install/diagnostic_aggregator:/Users/wen-chungcheng/ws_aic/src/aic/install/controller_manager_msgs:/Users/wen-chungcheng/ws_aic/src/aic/install/aic_task_interfaces:/Users/wen-chungcheng/ws_aic/src/aic/install/aic_mujoco:/Users/wen-chungcheng/ws_aic/src/aic/install/aic_engine_interfaces:/Users/wen-chungcheng/ws_aic/src/aic/install/aic_assets:/Users/wen-chungcheng/ws_aic/install/ur_msgs:/Users/wen-chungcheng/ws_aic/install/aic_description:/Users/wen-chungcheng/ws_aic/install/ur_description:/Users/wen-chungcheng/ws_aic/install/ur_client_library:/Users/wen-chungcheng/ws_aic/install/sdformat_vendor/opt/sdformat_vendor:/Users/wen-chungcheng/ws_aic/install/sdformat_vendor:/Users/wen-chungcheng/ws_aic/install/aic_bringup:/Users/wen-chungcheng/ws_aic/install/aic_scoring:/Users/wen-chungcheng/ws_aic/install/ros_gz_interfaces:/Users/wen-chungcheng/ws_aic/install/mujoco_ros2_control:/Users/wen-chungcheng/ws_aic/install/ros2_control_test_assets:/Users/wen-chungcheng/ws_aic/install/joint_state_broadcaster:/Users/wen-chungcheng/ws_aic/install/effort_controllers:/Users/wen-chungcheng/ws_aic/install/forward_command_controller:/Users/wen-chungcheng/ws_aic/install/force_torque_sensor_broadcaster:/Users/wen-chungcheng/ws_aic/install/controller_manager:/Users/wen-chungcheng/ws_aic/install/aic_controller:/Users/wen-chungcheng/ws_aic/install/hardware_interface:/Users/wen-chungcheng/ws_aic/install/joint_limits:/Users/wen-chungcheng/ws_aic/install/control_toolbox:/Users/wen-chungcheng/ws_aic/install/realtime_tools:/Users/wen-chungcheng/ws_aic/install/mujoco_vendor/opt/mujoco_vendor:/Users/wen-chungcheng/ws_aic/install/mujoco_vendor:/Users/wen-chungcheng/ws_aic/install/kinematics_interface_pinocchio:/Users/wen-chungcheng/ws_aic/install/kinematics_interface_kdl:/Users/wen-chungcheng/ws_aic/install/kinematics_interface:/Users/wen-chungcheng/ws_aic/install/gz_transport_vendor/opt/gz_transport_vendor:/Users/wen-chungcheng/ws_aic/install/gz_transport_vendor:/Users/wen-chungcheng/ws_aic/install/gz_plugin_vendor:/Users/wen-chungcheng/ws_aic/install/gz_msgs_vendor:/Users/wen-chungcheng/ws_aic/install/gz_common_vendor:/Users/wen-chungcheng/ws_aic/install/gz_math_vendor:/Users/wen-chungcheng/ws_aic/install/gz_utils_vendor:/Users/wen-chungcheng/ws_aic/install/gz_tools_vendor:/Users/wen-chungcheng/ws_aic/install/gz_cmake_vendor:/Users/wen-chungcheng/ws_aic/install/gz-plugin3:/Users/wen-chungcheng/ws_aic/install/gz-msgs11:/Users/wen-chungcheng/ws_aic/install/gz-common6:/Users/wen-chungcheng/ws_aic/install/gz-math8:/Users/wen-chungcheng/ws_aic/install/gz-utils3:/Users/wen-chungcheng/ws_aic/install/gz-tools2:/Users/wen-chungcheng/ws_aic/install/gz-cmake4:/Users/wen-chungcheng/ws_aic/install/diagnostic_updater:/Users/wen-chungcheng/ws_aic/install/controller_manager_msgs:/Users/wen-chungcheng/ws_aic/install/control_msgs:/Users/wen-chungcheng/ws_aic/install/aic_task_interfaces:/Users/wen-chungcheng/ws_aic/install/aic_mujoco:/Users/wen-chungcheng/ws_aic/install/aic_adapter:/Users/wen-chungcheng/ws_aic/install/aic_model_interfaces:/Users/wen-chungcheng/ws_aic/install/aic_engine_interfaces:/Users/wen-chungcheng/ws_aic/install/aic_control_interfaces:/Users/wen-chungcheng/ws_aic/install/aic_assets:/Users/wen-chungcheng/ws_aic/src/aic/.pixi/envs/default:/Users/wen-chungcheng/ws_aic/src/aic/install/ros2_controllers_test_nodes:/Users/wen-chungcheng/ws_aic/src/aic/install/lerobot_robot_aic:/Users/wen-chungcheng/ws_aic/src/aic/install/joint_state_publisher_gui:/Users/wen-chungcheng/ws_aic/src/aic/install/joint_state_publisher:/Users/wen-chungcheng/ws_aic/src/aic/install/aic_teleoperation:/Users/wen-chungcheng/ws_aic/src/aic/install/aic_example_policies:/Users/wen-chungcheng/ws_aic/src/aic/install/aic_model:/Users/wen-chungcheng/ws_aic/install/rqt_joint_trajectory_controller:/Users/wen-chungcheng/ws_aic/install/ros2controlcli:/Users/wen-chungcheng/ws_aic/install/ros2_controllers_test_nodes:/Users/wen-chungcheng/ws_aic/install/hardware_interface_testing:/Users/wen-chungcheng/ws_aic/install/controller_interface:/Users/wen-chungcheng/ws_aic/install/lerobot_robot_aic:/Users/wen-chungcheng/ws_aic/install/joint_state_publisher_gui:/Users/wen-chungcheng/ws_aic/install/joint_state_publisher:/Users/wen-chungcheng/ws_aic/install/aic_teleoperation:/Users/wen-chungcheng/ws_aic/install/aic_example_policies:/Users/wen-chungcheng/ws_aic/install/aic_model PIXI_PROMPT=(aic) PYTHONPATH=/Users/wen-chungcheng/ws_aic/src/aic/install/aic_model_interfaces/lib/python3.12/site-packages:/Users/wen-chungcheng/ws_aic/src/aic/install/aic_control_interfaces/lib/python3.12/site-packages:/Users/wen-chungcheng/ws_aic/src/aic/install/sdformat_mjcf/lib/python3.12/site-packages:/Users/wen-chungcheng/ws_aic/src/aic/install/ros2_controllers_test_nodes/lib/python3.12/site-packages:/Users/wen-chungcheng/ws_aic/src/aic/install/lerobot_robot_aic/lib/python3.12/site-packages:/Users/wen-chungcheng/ws_aic/src/aic/install/joint_state_publisher_gui/lib/python3.12/site-packages:/Users/wen-chungcheng/ws_aic/src/aic/install/joint_state_publisher/lib/python3.12/site-packages:/Users/wen-chungcheng/ws_aic/src/aic/install/diagnostic_common_diagnostics/lib/python3.12/site-packages:/Users/wen-chungcheng/ws_aic/src/aic/install/diagnostic_updater/lib/python3.12/site-packages:/Users/wen-chungcheng/ws_aic/src/aic/install/diagnostic_aggregator/lib/python3.12/site-packages:/Users/wen-chungcheng/ws_aic/src/aic/install/controller_manager_msgs/lib/python3.12/site-packages:/Users/wen-chungcheng/ws_aic/src/aic/install/aic_teleoperation/lib/python3.12/site-packages:/Users/wen-chungcheng/ws_aic/src/aic/install/aic_example_policies/lib/python3.12/site-packages:/Users/wen-chungcheng/ws_aic/src/aic/install/aic_model/lib/python3.12/site-packages:/Users/wen-chungcheng/ws_aic/src/aic/install/aic_task_interfaces/lib/python3.12/site-packages:/Users/wen-chungcheng/ws_aic/src/aic/install/aic_task/lib/python3.12/site-packages:/Users/wen-chungcheng/ws_aic/src/aic/install/aic_engine_interfaces/lib/python3.12/site-packages:/Users/wen-chungcheng/ws_aic/install/ur_msgs/lib/python3.12/site-packages:/Users/wen-chungcheng/ws_aic/install/rqt_joint_trajectory_controller/lib/python3.12/site-packages:/Users/wen-chungcheng/ws_aic/install/ros_gz_interfaces/lib/python3.12/site-packages:/Users/wen-chungcheng/ws_aic/install/ros2controlcli/lib/python3.12/site-packages:/Users/wen-chungcheng/ws_aic/install/ros2_controllers_test_nodes/lib/python3.12/site-packages:/Users/wen-chungcheng/ws_aic/install/controller_manager/lib/python3.12/site-packages:/Users/wen-chungcheng/ws_aic/install/lerobot_robot_aic/lib/python3.12/site-packages:/Users/wen-chungcheng/ws_aic/install/joint_state_publisher_gui/lib/python3.12/site-packages:/Users/wen-chungcheng/ws_aic/install/joint_state_publisher/lib/python3.12/site-packages:/Users/wen-chungcheng/ws_aic/install/diagnostic_updater/lib/python3.12/site-packages:/Users/wen-chungcheng/ws_aic/install/controller_manager_msgs/lib/python3.12/site-packages:/Users/wen-chungcheng/ws_aic/install/control_msgs/lib/python3.12/site-packages:/Users/wen-chungcheng/ws_aic/install/aic_teleoperation/lib/python3.12/site-packages:/Users/wen-chungcheng/ws_aic/install/aic_example_policies/lib/python3.12/site-packages:/Users/wen-chungcheng/ws_aic/install/aic_model/lib/python3.12/site-packages:/Users/wen-chungcheng/ws_aic/install/aic_task_interfaces/lib/python3.12/site-packages:/Users/wen-chungcheng/ws_aic/install/aic_task/lib/python3.12/site-packages:/Users/wen-chungcheng/ws_aic/install/aic_model_interfaces/lib/python3.12/site-packages:/Users/wen-chungcheng/ws_aic/install/aic_engine_interfaces/lib/python3.12/site-packages:/Users/wen-chungcheng/ws_aic/install/aic_control_interfaces/lib/python3.12/site-packages:/Users/wen-chungcheng/ws_aic/src/aic/.pixi/envs/default/lib/python/site-packages:/Users/wen-chungcheng/ws_aic/src/aic/.pixi/envs/default/lib/python3.12/site-packages SHLVL=3 _=/usr/bin/env /Users/wen-chungcheng/ws_aic/src/aic/.pixi/envs/default/bin/cmake --build /Users/wen-chungcheng/ws_aic/src/aic/build/aic_mujoco -- -j16 -l16[0m
[2.142s] [34mcolcon.colcon_core.event_handler.log_command[0m [1;30mDEBUG[0m [32mInvoking command in '/Users/wen-chungcheng/ws_aic/src/aic/build/aic_mujoco': CMAKE_PREFIX_PATH=/Users/wen-chungcheng/ws_aic/src/aic/install/aic_adapter:/Users/wen-chungcheng/ws_aic/src/aic/install/aic_model_interfaces:/Users/wen-chungcheng/ws_aic/src/aic/install/aic_control_interfaces:/Users/wen-chungcheng/ws_aic/src/aic/install/aic_description:/Users/wen-chungcheng/ws_aic/src/aic/install/ur_description:/Users/wen-chungcheng/ws_aic/src/aic/install/ur_client_library:/Users/wen-chungcheng/ws_aic/src/aic/install/diagnostics:/Users/wen-chungcheng/ws_aic/src/aic/install/self_test:/Users/wen-chungcheng/ws_aic/src/aic/install/ros2_control_test_assets:/Users/wen-chungcheng/ws_aic/src/aic/install/joint_limits:/Users/wen-chungcheng/ws_aic/src/aic/install/realtime_tools:/Users/wen-chungcheng/ws_aic/src/aic/install/kinematics_interface_pinocchio:/Users/wen-chungcheng/ws_aic/src/aic/install/kinematics_interface_kdl:/Users/wen-chungcheng/ws_aic/src/aic/install/kinematics_interface:/Users/wen-chungcheng/ws_aic/src/aic/install/gz_plugin_vendor/opt/gz_plugin_vendor:/Users/wen-chungcheng/ws_aic/src/aic/install/gz_plugin_vendor:/Users/wen-chungcheng/ws_aic/src/aic/install/gz_common_vendor/opt/gz_common_vendor:/Users/wen-chungcheng/ws_aic/src/aic/install/gz_common_vendor:/Users/wen-chungcheng/ws_aic/src/aic/install/gz_math_vendor:/Users/wen-chungcheng/ws_aic/src/aic/install/gz_utils_vendor:/Users/wen-chungcheng/ws_aic/src/aic/install/gz_tools_vendor:/Users/wen-chungcheng/ws_aic/src/aic/install/gz_cmake_vendor:/Users/wen-chungcheng/ws_aic/src/aic/install/gz-plugin3:/Users/wen-chungcheng/ws_aic/src/aic/install/gz-utils3:/Users/wen-chungcheng/ws_aic/src/aic/install/gz-tools2:/Users/wen-chungcheng/ws_aic/src/aic/install/gz-cmake4:/Users/wen-chungcheng/ws_aic/src/aic/install/diagnostic_common_diagnostics:/Users/wen-chungcheng/ws_aic/src/aic/install/diagnostic_updater:/Users/wen-chungcheng/ws_aic/src/aic/install/diagnostic_aggregator:/Users/wen-chungcheng/ws_aic/src/aic/install/controller_manager_msgs:/Users/wen-chungcheng/ws_aic/src/aic/install/aic_task_interfaces:/Users/wen-chungcheng/ws_aic/src/aic/install/aic_mujoco:/Users/wen-chungcheng/ws_aic/src/aic/install/aic_engine_interfaces:/Users/wen-chungcheng/ws_aic/src/aic/install/aic_assets:/Users/wen-chungcheng/ws_aic/install/ur_msgs:/Users/wen-chungcheng/ws_aic/install/aic_description:/Users/wen-chungcheng/ws_aic/install/ur_description:/Users/wen-chungcheng/ws_aic/install/ur_client_library:/Users/wen-chungcheng/ws_aic/install/sdformat_vendor/opt/sdformat_vendor:/Users/wen-chungcheng/ws_aic/install/sdformat_vendor:/Users/wen-chungcheng/ws_aic/install/aic_bringup:/Users/wen-chungcheng/ws_aic/install/aic_scoring:/Users/wen-chungcheng/ws_aic/install/ros_gz_interfaces:/Users/wen-chungcheng/ws_aic/install/mujoco_ros2_control:/Users/wen-chungcheng/ws_aic/install/ros2_control_test_assets:/Users/wen-chungcheng/ws_aic/install/joint_state_broadcaster:/Users/wen-chungcheng/ws_aic/install/effort_controllers:/Users/wen-chungcheng/ws_aic/install/forward_command_controller:/Users/wen-chungcheng/ws_aic/install/force_torque_sensor_broadcaster:/Users/wen-chungcheng/ws_aic/install/controller_manager:/Users/wen-chungcheng/ws_aic/install/aic_controller:/Users/wen-chungcheng/ws_aic/install/hardware_interface:/Users/wen-chungcheng/ws_aic/install/joint_limits:/Users/wen-chungcheng/ws_aic/install/control_toolbox:/Users/wen-chungcheng/ws_aic/install/realtime_tools:/Users/wen-chungcheng/ws_aic/install/mujoco_vendor/opt/mujoco_vendor:/Users/wen-chungcheng/ws_aic/install/mujoco_vendor:/Users/wen-chungcheng/ws_aic/install/kinematics_interface_pinocchio:/Users/wen-chungcheng/ws_aic/install/kinematics_interface_kdl:/Users/wen-chungcheng/ws_aic/install/kinematics_interface:/Users/wen-chungcheng/ws_aic/install/gz_transport_vendor/opt/gz_transport_vendor:/Users/wen-chungcheng/ws_aic/install/gz_transport_vendor:/Users/wen-chungcheng/ws_aic/install/gz_plugin_vendor:/Users/wen-chungcheng/ws_aic/install/gz_msgs_vendor:/Users/wen-chungcheng/ws_aic/install/gz_common_vendor:/Users/wen-chungcheng/ws_aic/install/gz_math_vendor:/Users/wen-chungcheng/ws_aic/install/gz_utils_vendor:/Users/wen-chungcheng/ws_aic/install/gz_tools_vendor:/Users/wen-chungcheng/ws_aic/install/gz_cmake_vendor:/Users/wen-chungcheng/ws_aic/install/gz-plugin3:/Users/wen-chungcheng/ws_aic/install/gz-msgs11:/Users/wen-chungcheng/ws_aic/install/gz-common6:/Users/wen-chungcheng/ws_aic/install/gz-math8:/Users/wen-chungcheng/ws_aic/install/gz-utils3:/Users/wen-chungcheng/ws_aic/install/gz-tools2:/Users/wen-chungcheng/ws_aic/install/gz-cmake4:/Users/wen-chungcheng/ws_aic/install/diagnostic_updater:/Users/wen-chungcheng/ws_aic/install/controller_manager_msgs:/Users/wen-chungcheng/ws_aic/install/control_msgs:/Users/wen-chungcheng/ws_aic/install/aic_task_interfaces:/Users/wen-chungcheng/ws_aic/install/aic_mujoco:/Users/wen-chungcheng/ws_aic/install/aic_adapter:/Users/wen-chungcheng/ws_aic/install/aic_model_interfaces:/Users/wen-chungcheng/ws_aic/install/aic_engine_interfaces:/Users/wen-chungcheng/ws_aic/install/aic_control_interfaces:/Users/wen-chungcheng/ws_aic/install/aic_assets:/Users/wen-chungcheng/ws_aic/src/aic/.pixi/envs/default:/Users/wen-chungcheng/ws_aic/src/aic/install/ros2_controllers_test_nodes:/Users/wen-chungcheng/ws_aic/src/aic/install/lerobot_robot_aic:/Users/wen-chungcheng/ws_aic/src/aic/install/joint_state_publisher_gui:/Users/wen-chungcheng/ws_aic/src/aic/install/joint_state_publisher:/Users/wen-chungcheng/ws_aic/src/aic/install/aic_teleoperation:/Users/wen-chungcheng/ws_aic/src/aic/install/aic_example_policies:/Users/wen-chungcheng/ws_aic/src/aic/install/aic_model:/Users/wen-chungcheng/ws_aic/install/rqt_joint_trajectory_controller:/Users/wen-chungcheng/ws_aic/install/ros2controlcli:/Users/wen-chungcheng/ws_aic/install/ros2_controllers_test_nodes:/Users/wen-chungcheng/ws_aic/install/hardware_interface_testing:/Users/wen-chungcheng/ws_aic/install/controller_interface:/Users/wen-chungcheng/ws_aic/install/lerobot_robot_aic:/Users/wen-chungcheng/ws_aic/install/joint_state_publisher_gui:/Users/wen-chungcheng/ws_aic/install/joint_state_publisher:/Users/wen-chungcheng/ws_aic/install/aic_teleoperation:/Users/wen-chungcheng/ws_aic/install/aic_example_policies:/Users/wen-chungcheng/ws_aic/install/aic_model PIXI_PROMPT=(aic) PYTHONPATH=/Users/wen-chungcheng/ws_aic/src/aic/install/aic_model_interfaces/lib/python3.12/site-packages:/Users/wen-chungcheng/ws_aic/src/aic/install/aic_control_interfaces/lib/python3.12/site-packages:/Users/wen-chungcheng/ws_aic/src/aic/install/sdformat_mjcf/lib/python3.12/site-packages:/Users/wen-chungcheng/ws_aic/src/aic/install/ros2_controllers_test_nodes/lib/python3.12/site-packages:/Users/wen-chungcheng/ws_aic/src/aic/install/lerobot_robot_aic/lib/python3.12/site-packages:/Users/wen-chungcheng/ws_aic/src/aic/install/joint_state_publisher_gui/lib/python3.12/site-packages:/Users/wen-chungcheng/ws_aic/src/aic/install/joint_state_publisher/lib/python3.12/site-packages:/Users/wen-chungcheng/ws_aic/src/aic/install/diagnostic_common_diagnostics/lib/python3.12/site-packages:/Users/wen-chungcheng/ws_aic/src/aic/install/diagnostic_updater/lib/python3.12/site-packages:/Users/wen-chungcheng/ws_aic/src/aic/install/diagnostic_aggregator/lib/python3.12/site-packages:/Users/wen-chungcheng/ws_aic/src/aic/install/controller_manager_msgs/lib/python3.12/site-packages:/Users/wen-chungcheng/ws_aic/src/aic/install/aic_teleoperation/lib/python3.12/site-packages:/Users/wen-chungcheng/ws_aic/src/aic/install/aic_example_policies/lib/python3.12/site-packages:/Users/wen-chungcheng/ws_aic/src/aic/install/aic_model/lib/python3.12/site-packages:/Users/wen-chungcheng/ws_aic/src/aic/install/aic_task_interfaces/lib/python3.12/site-packages:/Users/wen-chungcheng/ws_aic/src/aic/install/aic_task/lib/python3.12/site-packages:/Users/wen-chungcheng/ws_aic/src/aic/install/aic_engine_interfaces/lib/python3.12/site-packages:/Users/wen-chungcheng/ws_aic/install/ur_msgs/lib/python3.12/site-packages:/Users/wen-chungcheng/ws_aic/install/rqt_joint_trajectory_controller/lib/python3.12/site-packages:/Users/wen-chungcheng/ws_aic/install/ros_gz_interfaces/lib/python3.12/site-packages:/Users/wen-chungcheng/ws_aic/install/ros2controlcli/lib/python3.12/site-packages:/Users/wen-chungcheng/ws_aic/install/ros2_controllers_test_nodes/lib/python3.12/site-packages:/Users/wen-chungcheng/ws_aic/install/controller_manager/lib/python3.12/site-packages:/Users/wen-chungcheng/ws_aic/install/lerobot_robot_aic/lib/python3.12/site-packages:/Users/wen-chungcheng/ws_aic/install/joint_state_publisher_gui/lib/python3.12/site-packages:/Users/wen-chungcheng/ws_aic/install/joint_state_publisher/lib/python3.12/site-packages:/Users/wen-chungcheng/ws_aic/install/diagnostic_updater/lib/python3.12/site-packages:/Users/wen-chungcheng/ws_aic/install/controller_manager_msgs/lib/python3.12/site-packages:/Users/wen-chungcheng/ws_aic/install/control_msgs/lib/python3.12/site-packages:/Users/wen-chungcheng/ws_aic/install/aic_teleoperation/lib/python3.12/site-packages:/Users/wen-chungcheng/ws_aic/install/aic_example_policies/lib/python3.12/site-packages:/Users/wen-chungcheng/ws_aic/install/aic_model/lib/python3.12/site-packages:/Users/wen-chungcheng/ws_aic/install/aic_task_interfaces/lib/python3.12/site-packages:/Users/wen-chungcheng/ws_aic/install/aic_task/lib/python3.12/site-packages:/Users/wen-chungcheng/ws_aic/install/aic_model_interfaces/lib/python3.12/site-packages:/Users/wen-chungcheng/ws_aic/install/aic_engine_interfaces/lib/python3.12/site-packages:/Users/wen-chungcheng/ws_aic/install/aic_control_interfaces/lib/python3.12/site-packages:/Users/wen-chungcheng/ws_aic/src/aic/.pixi/envs/default/lib/python/site-packages:/Users/wen-chungcheng/ws_aic/src/aic/.pixi/envs/default/lib/python3.12/site-packages SHLVL=3 _=/usr/bin/env /Users/wen-chungcheng/ws_aic/src/aic/.pixi/envs/default/bin/cmake --install /Users/wen-chungcheng/ws_aic/src/aic/build/aic_mujoco[0m
[2.762s] [34mcolcon.colcon_core.environment[0m [1;30mLevel 1[0m create_environment_scripts_only(aic_mujoco)
[2.763s] [34mcolcon.colcon_core.event_handler.log_command[0m [1;30mDEBUG[0m [32mInvoked command in '/Users/wen-chungcheng/ws_aic/src/aic/build/aic_mujoco' returned '0': CMAKE_PREFIX_PATH=/Users/wen-chungcheng/ws_aic/src/aic/install/aic_adapter:/Users/wen-chungcheng/ws_aic/src/aic/install/aic_model_interfaces:/Users/wen-chungcheng/ws_aic/src/aic/install/aic_control_interfaces:/Users/wen-chungcheng/ws_aic/src/aic/install/aic_description:/Users/wen-chungcheng/ws_aic/src/aic/install/ur_description:/Users/wen-chungcheng/ws_aic/src/aic/install/ur_client_library:/Users/wen-chungcheng/ws_aic/src/aic/install/diagnostics:/Users/wen-chungcheng/ws_aic/src/aic/install/self_test:/Users/wen-chungcheng/ws_aic/src/aic/install/ros2_control_test_assets:/Users/wen-chungcheng/ws_aic/src/aic/install/joint_limits:/Users/wen-chungcheng/ws_aic/src/aic/install/realtime_tools:/Users/wen-chungcheng/ws_aic/src/aic/install/kinematics_interface_pinocchio:/Users/wen-chungcheng/ws_aic/src/aic/install/kinematics_interface_kdl:/Users/wen-chungcheng/ws_aic/src/aic/install/kinematics_interface:/Users/wen-chungcheng/ws_aic/src/aic/install/gz_plugin_vendor/opt/gz_plugin_vendor:/Users/wen-chungcheng/ws_aic/src/aic/install/gz_plugin_vendor:/Users/wen-chungcheng/ws_aic/src/aic/install/gz_common_vendor/opt/gz_common_vendor:/Users/wen-chungcheng/ws_aic/src/aic/install/gz_common_vendor:/Users/wen-chungcheng/ws_aic/src/aic/install/gz_math_vendor:/Users/wen-chungcheng/ws_aic/src/aic/install/gz_utils_vendor:/Users/wen-chungcheng/ws_aic/src/aic/install/gz_tools_vendor:/Users/wen-chungcheng/ws_aic/src/aic/install/gz_cmake_vendor:/Users/wen-chungcheng/ws_aic/src/aic/install/gz-plugin3:/Users/wen-chungcheng/ws_aic/src/aic/install/gz-utils3:/Users/wen-chungcheng/ws_aic/src/aic/install/gz-tools2:/Users/wen-chungcheng/ws_aic/src/aic/install/gz-cmake4:/Users/wen-chungcheng/ws_aic/src/aic/install/diagnostic_common_diagnostics:/Users/wen-chungcheng/ws_aic/src/aic/install/diagnostic_updater:/Users/wen-chungcheng/ws_aic/src/aic/install/diagnostic_aggregator:/Users/wen-chungcheng/ws_aic/src/aic/install/controller_manager_msgs:/Users/wen-chungcheng/ws_aic/src/aic/install/aic_task_interfaces:/Users/wen-chungcheng/ws_aic/src/aic/install/aic_mujoco:/Users/wen-chungcheng/ws_aic/src/aic/install/aic_engine_interfaces:/Users/wen-chungcheng/ws_aic/src/aic/install/aic_assets:/Users/wen-chungcheng/ws_aic/install/ur_msgs:/Users/wen-chungcheng/ws_aic/install/aic_description:/Users/wen-chungcheng/ws_aic/install/ur_description:/Users/wen-chungcheng/ws_aic/install/ur_client_library:/Users/wen-chungcheng/ws_aic/install/sdformat_vendor/opt/sdformat_vendor:/Users/wen-chungcheng/ws_aic/install/sdformat_vendor:/Users/wen-chungcheng/ws_aic/install/aic_bringup:/Users/wen-chungcheng/ws_aic/install/aic_scoring:/Users/wen-chungcheng/ws_aic/install/ros_gz_interfaces:/Users/wen-chungcheng/ws_aic/install/mujoco_ros2_control:/Users/wen-chungcheng/ws_aic/install/ros2_control_test_assets:/Users/wen-chungcheng/ws_aic/install/joint_state_broadcaster:/Users/wen-chungcheng/ws_aic/install/effort_controllers:/Users/wen-chungcheng/ws_aic/install/forward_command_controller:/Users/wen-chungcheng/ws_aic/install/force_torque_sensor_broadcaster:/Users/wen-chungcheng/ws_aic/install/controller_manager:/Users/wen-chungcheng/ws_aic/install/aic_controller:/Users/wen-chungcheng/ws_aic/install/hardware_interface:/Users/wen-chungcheng/ws_aic/install/joint_limits:/Users/wen-chungcheng/ws_aic/install/control_toolbox:/Users/wen-chungcheng/ws_aic/install/realtime_tools:/Users/wen-chungcheng/ws_aic/install/mujoco_vendor/opt/mujoco_vendor:/Users/wen-chungcheng/ws_aic/install/mujoco_vendor:/Users/wen-chungcheng/ws_aic/install/kinematics_interface_pinocchio:/Users/wen-chungcheng/ws_aic/install/kinematics_interface_kdl:/Users/wen-chungcheng/ws_aic/install/kinematics_interface:/Users/wen-chungcheng/ws_aic/install/gz_transport_vendor/opt/gz_transport_vendor:/Users/wen-chungcheng/ws_aic/install/gz_transport_vendor:/Users/wen-chungcheng/ws_aic/install/gz_plugin_vendor:/Users/wen-chungcheng/ws_aic/install/gz_msgs_vendor:/Users/wen-chungcheng/ws_aic/install/gz_common_vendor:/Users/wen-chungcheng/ws_aic/install/gz_math_vendor:/Users/wen-chungcheng/ws_aic/install/gz_utils_vendor:/Users/wen-chungcheng/ws_aic/install/gz_tools_vendor:/Users/wen-chungcheng/ws_aic/install/gz_cmake_vendor:/Users/wen-chungcheng/ws_aic/install/gz-plugin3:/Users/wen-chungcheng/ws_aic/install/gz-msgs11:/Users/wen-chungcheng/ws_aic/install/gz-common6:/Users/wen-chungcheng/ws_aic/install/gz-math8:/Users/wen-chungcheng/ws_aic/install/gz-utils3:/Users/wen-chungcheng/ws_aic/install/gz-tools2:/Users/wen-chungcheng/ws_aic/install/gz-cmake4:/Users/wen-chungcheng/ws_aic/install/diagnostic_updater:/Users/wen-chungcheng/ws_aic/install/controller_manager_msgs:/Users/wen-chungcheng/ws_aic/install/control_msgs:/Users/wen-chungcheng/ws_aic/install/aic_task_interfaces:/Users/wen-chungcheng/ws_aic/install/aic_mujoco:/Users/wen-chungcheng/ws_aic/install/aic_adapter:/Users/wen-chungcheng/ws_aic/install/aic_model_interfaces:/Users/wen-chungcheng/ws_aic/install/aic_engine_interfaces:/Users/wen-chungcheng/ws_aic/install/aic_control_interfaces:/Users/wen-chungcheng/ws_aic/install/aic_assets:/Users/wen-chungcheng/ws_aic/src/aic/.pixi/envs/default:/Users/wen-chungcheng/ws_aic/src/aic/install/ros2_controllers_test_nodes:/Users/wen-chungcheng/ws_aic/src/aic/install/lerobot_robot_aic:/Users/wen-chungcheng/ws_aic/src/aic/install/joint_state_publisher_gui:/Users/wen-chungcheng/ws_aic/src/aic/install/joint_state_publisher:/Users/wen-chungcheng/ws_aic/src/aic/install/aic_teleoperation:/Users/wen-chungcheng/ws_aic/src/aic/install/aic_example_policies:/Users/wen-chungcheng/ws_aic/src/aic/install/aic_model:/Users/wen-chungcheng/ws_aic/install/rqt_joint_trajectory_controller:/Users/wen-chungcheng/ws_aic/install/ros2controlcli:/Users/wen-chungcheng/ws_aic/install/ros2_controllers_test_nodes:/Users/wen-chungcheng/ws_aic/install/hardware_interface_testing:/Users/wen-chungcheng/ws_aic/install/controller_interface:/Users/wen-chungcheng/ws_aic/install/lerobot_robot_aic:/Users/wen-chungcheng/ws_aic/install/joint_state_publisher_gui:/Users/wen-chungcheng/ws_aic/install/joint_state_publisher:/Users/wen-chungcheng/ws_aic/install/aic_teleoperation:/Users/wen-chungcheng/ws_aic/install/aic_example_policies:/Users/wen-chungcheng/ws_aic/install/aic_model PIXI_PROMPT=(aic) PYTHONPATH=/Users/wen-chungcheng/ws_aic/src/aic/install/aic_model_interfaces/lib/python3.12/site-packages:/Users/wen-chungcheng/ws_aic/src/aic/install/aic_control_interfaces/lib/python3.12/site-packages:/Users/wen-chungcheng/ws_aic/src/aic/install/sdformat_mjcf/lib/python3.12/site-packages:/Users/wen-chungcheng/ws_aic/src/aic/install/ros2_controllers_test_nodes/lib/python3.12/site-packages:/Users/wen-chungcheng/ws_aic/src/aic/install/lerobot_robot_aic/lib/python3.12/site-packages:/Users/wen-chungcheng/ws_aic/src/aic/install/joint_state_publisher_gui/lib/python3.12/site-packages:/Users/wen-chungcheng/ws_aic/src/aic/install/joint_state_publisher/lib/python3.12/site-packages:/Users/wen-chungcheng/ws_aic/src/aic/install/diagnostic_common_diagnostics/lib/python3.12/site-packages:/Users/wen-chungcheng/ws_aic/src/aic/install/diagnostic_updater/lib/python3.12/site-packages:/Users/wen-chungcheng/ws_aic/src/aic/install/diagnostic_aggregator/lib/python3.12/site-packages:/Users/wen-chungcheng/ws_aic/src/aic/install/controller_manager_msgs/lib/python3.12/site-packages:/Users/wen-chungcheng/ws_aic/src/aic/install/aic_teleoperation/lib/python3.12/site-packages:/Users/wen-chungcheng/ws_aic/src/aic/install/aic_example_policies/lib/python3.12/site-packages:/Users/wen-chungcheng/ws_aic/src/aic/install/aic_model/lib/python3.12/site-packages:/Users/wen-chungcheng/ws_aic/src/aic/install/aic_task_interfaces/lib/python3.12/site-packages:/Users/wen-chungcheng/ws_aic/src/aic/install/aic_task/lib/python3.12/site-packages:/Users/wen-chungcheng/ws_aic/src/aic/install/aic_engine_interfaces/lib/python3.12/site-packages:/Users/wen-chungcheng/ws_aic/install/ur_msgs/lib/python3.12/site-packages:/Users/wen-chungcheng/ws_aic/install/rqt_joint_trajectory_controller/lib/python3.12/site-packages:/Users/wen-chungcheng/ws_aic/install/ros_gz_interfaces/lib/python3.12/site-packages:/Users/wen-chungcheng/ws_aic/install/ros2controlcli/lib/python3.12/site-packages:/Users/wen-chungcheng/ws_aic/install/ros2_controllers_test_nodes/lib/python3.12/site-packages:/Users/wen-chungcheng/ws_aic/install/controller_manager/lib/python3.12/site-packages:/Users/wen-chungcheng/ws_aic/install/lerobot_robot_aic/lib/python3.12/site-packages:/Users/wen-chungcheng/ws_aic/install/joint_state_publisher_gui/lib/python3.12/site-packages:/Users/wen-chungcheng/ws_aic/install/joint_state_publisher/lib/python3.12/site-packages:/Users/wen-chungcheng/ws_aic/install/diagnostic_updater/lib/python3.12/site-packages:/Users/wen-chungcheng/ws_aic/install/controller_manager_msgs/lib/python3.12/site-packages:/Users/wen-chungcheng/ws_aic/install/control_msgs/lib/python3.12/site-packages:/Users/wen-chungcheng/ws_aic/install/aic_teleoperation/lib/python3.12/site-packages:/Users/wen-chungcheng/ws_aic/install/aic_example_policies/lib/python3.12/site-packages:/Users/wen-chungcheng/ws_aic/install/aic_model/lib/python3.12/site-packages:/Users/wen-chungcheng/ws_aic/install/aic_task_interfaces/lib/python3.12/site-packages:/Users/wen-chungcheng/ws_aic/install/aic_task/lib/python3.12/site-packages:/Users/wen-chungcheng/ws_aic/install/aic_model_interfaces/lib/python3.12/site-packages:/Users/wen-chungcheng/ws_aic/install/aic_engine_interfaces/lib/python3.12/site-packages:/Users/wen-chungcheng/ws_aic/install/aic_control_interfaces/lib/python3.12/site-packages:/Users/wen-chungcheng/ws_aic/src/aic/.pixi/envs/default/lib/python/site-packages:/Users/wen-chungcheng/ws_aic/src/aic/.pixi/envs/default/lib/python3.12/site-packages SHLVL=3 _=/usr/bin/env /Users/wen-chungcheng/ws_aic/src/aic/.pixi/envs/default/bin/cmake --install /Users/wen-chungcheng/ws_aic/src/aic/build/aic_mujoco[0m
[2.768s] [34mcolcon.colcon_core.environment[0m [1;30mLevel 1[0m checking '/Users/wen-chungcheng/ws_aic/src/aic/install/aic_mujoco' for CMake module files
[2.768s] [34mcolcon.colcon_core.environment[0m [1;30mLevel 1[0m checking '/Users/wen-chungcheng/ws_aic/src/aic/install/aic_mujoco' for CMake config files
[2.768s] [34mcolcon.colcon_core.shell[0m [1;30mLevel 1[0m create_environment_hook('aic_mujoco', 'cmake_prefix_path')
[2.769s] [34mcolcon.colcon_core.shell[0m [1;30mINFO[0m Creating environment hook '/Users/wen-chungcheng/ws_aic/src/aic/install/aic_mujoco/share/aic_mujoco/hook/cmake_prefix_path.ps1'
[2.769s] [34mcolcon.colcon_core.shell[0m [1;30mINFO[0m Creating environment descriptor '/Users/wen-chungcheng/ws_aic/src/aic/install/aic_mujoco/share/aic_mujoco/hook/cmake_prefix_path.dsv'
[2.770s] [34mcolcon.colcon_core.shell[0m [1;30mINFO[0m Creating environment hook '/Users/wen-chungcheng/ws_aic/src/aic/install/aic_mujoco/share/aic_mujoco/hook/cmake_prefix_path.sh'
[2.770s] [34mcolcon.colcon_core.environment[0m [1;30mLevel 1[0m checking '/Users/wen-chungcheng/ws_aic/src/aic/install/aic_mujoco/lib'
[2.770s] [34mcolcon.colcon_core.environment[0m [1;30mLevel 1[0m checking '/Users/wen-chungcheng/ws_aic/src/aic/install/aic_mujoco/bin'
[2.770s] [34mcolcon.colcon_core.environment[0m [1;30mLevel 1[0m checking '/Users/wen-chungcheng/ws_aic/src/aic/install/aic_mujoco/lib/pkgconfig/aic_mujoco.pc'
[2.771s] [34mcolcon.colcon_core.environment[0m [1;30mLevel 1[0m checking '/Users/wen-chungcheng/ws_aic/src/aic/install/aic_mujoco/lib/python3.12/site-packages'
[2.771s] [34mcolcon.colcon_core.environment[0m [1;30mLevel 1[0m checking '/Users/wen-chungcheng/ws_aic/src/aic/install/aic_mujoco/bin'
[2.771s] [34mcolcon.colcon_core.shell[0m [1;30mINFO[0m Creating package script '/Users/wen-chungcheng/ws_aic/src/aic/install/aic_mujoco/share/aic_mujoco/package.ps1'
[2.773s] [34mcolcon.colcon_core.shell[0m [1;30mINFO[0m Creating package descriptor '/Users/wen-chungcheng/ws_aic/src/aic/install/aic_mujoco/share/aic_mujoco/package.dsv'
[2.773s] [34mcolcon.colcon_core.shell[0m [1;30mINFO[0m Creating package script '/Users/wen-chungcheng/ws_aic/src/aic/install/aic_mujoco/share/aic_mujoco/package.sh'
[2.774s] [34mcolcon.colcon_core.shell[0m [1;30mINFO[0m Creating package script '/Users/wen-chungcheng/ws_aic/src/aic/install/aic_mujoco/share/aic_mujoco/package.bash'
[2.774s] [34mcolcon.colcon_core.shell[0m [1;30mINFO[0m Creating package script '/Users/wen-chungcheng/ws_aic/src/aic/install/aic_mujoco/share/aic_mujoco/package.zsh'
[2.775s] [34mcolcon.colcon_core.environment[0m [1;30mLevel 1[0m create_file_with_runtime_dependencies(/Users/wen-chungcheng/ws_aic/src/aic/install/aic_mujoco/share/colcon-core/packages/aic_mujoco)
[2.775s] [34mcolcon.colcon_core.environment[0m [1;30mLevel 1[0m create_environment_scripts_only(aic_mujoco)
[2.775s] [34mcolcon.colcon_core.environment[0m [1;30mLevel 1[0m checking '/Users/wen-chungcheng/ws_aic/src/aic/install/aic_mujoco' for CMake module files
[2.776s] [34mcolcon.colcon_core.environment[0m [1;30mLevel 1[0m checking '/Users/wen-chungcheng/ws_aic/src/aic/install/aic_mujoco' for CMake config files
[2.776s] [34mcolcon.colcon_core.shell[0m [1;30mLevel 1[0m create_environment_hook('aic_mujoco', 'cmake_prefix_path')
[2.776s] [34mcolcon.colcon_core.shell[0m [1;30mINFO[0m Creating environment hook '/Users/wen-chungcheng/ws_aic/src/aic/install/aic_mujoco/share/aic_mujoco/hook/cmake_prefix_path.ps1'
[2.776s] [34mcolcon.colcon_core.shell[0m [1;30mINFO[0m Creating environment descriptor '/Users/wen-chungcheng/ws_aic/src/aic/install/aic_mujoco/share/aic_mujoco/hook/cmake_prefix_path.dsv'
[2.777s] [34mcolcon.colcon_core.shell[0m [1;30mINFO[0m Creating environment hook '/Users/wen-chungcheng/ws_aic/src/aic/install/aic_mujoco/share/aic_mujoco/hook/cmake_prefix_path.sh'
[2.777s] [34mcolcon.colcon_core.environment[0m [1;30mLevel 1[0m checking '/Users/wen-chungcheng/ws_aic/src/aic/install/aic_mujoco/lib'
[2.777s] [34mcolcon.colcon_core.environment[0m [1;30mLevel 1[0m checking '/Users/wen-chungcheng/ws_aic/src/aic/install/aic_mujoco/bin'
[2.777s] [34mcolcon.colcon_core.environment[0m [1;30mLevel 1[0m checking '/Users/wen-chungcheng/ws_aic/src/aic/install/aic_mujoco/lib/pkgconfig/aic_mujoco.pc'
[2.777s] [34mcolcon.colcon_core.environment[0m [1;30mLevel 1[0m checking '/Users/wen-chungcheng/ws_aic/src/aic/install/aic_mujoco/lib/python3.12/site-packages'
[2.777s] [34mcolcon.colcon_core.environment[0m [1;30mLevel 1[0m checking '/Users/wen-chungcheng/ws_aic/src/aic/install/aic_mujoco/bin'
[2.777s] [34mcolcon.colcon_core.shell[0m [1;30mINFO[0m Creating package script '/Users/wen-chungcheng/ws_aic/src/aic/install/aic_mujoco/share/aic_mujoco/package.ps1'
[2.777s] [34mcolcon.colcon_core.shell[0m [1;30mINFO[0m Creating package descriptor '/Users/wen-chungcheng/ws_aic/src/aic/install/aic_mujoco/share/aic_mujoco/package.dsv'
[2.778s] [34mcolcon.colcon_core.shell[0m [1;30mINFO[0m Creating package script '/Users/wen-chungcheng/ws_aic/src/aic/install/aic_mujoco/share/aic_mujoco/package.sh'
[2.778s] [34mcolcon.colcon_core.shell[0m [1;30mINFO[0m Creating package script '/Users/wen-chungcheng/ws_aic/src/aic/install/aic_mujoco/share/aic_mujoco/package.bash'
[2.778s] [34mcolcon.colcon_core.shell[0m [1;30mINFO[0m Creating package script '/Users/wen-chungcheng/ws_aic/src/aic/install/aic_mujoco/share/aic_mujoco/package.zsh'
[2.778s] [34mcolcon.colcon_core.environment[0m [1;30mLevel 1[0m create_file_with_runtime_dependencies(/Users/wen-chungcheng/ws_aic/src/aic/install/aic_mujoco/share/colcon-core/packages/aic_mujoco)
[2.779s] [34mcolcon.colcon_parallel_executor.executor.parallel[0m [1;30mDEBUG[0m [32mclosing loop[0m
[2.779s] [34mcolcon.colcon_parallel_executor.executor.parallel[0m [1;30mDEBUG[0m [32mloop closed[0m
[2.779s] [34mcolcon.colcon_parallel_executor.executor.parallel[0m [1;30mDEBUG[0m [32mrun_until_complete finished with '0'[0m
[2.779s] [34mcolcon.colcon_core.event_reactor[0m [1;30mDEBUG[0m [32mjoining thread[0m
[2.780s] [34mcolcon.colcon_core.event_reactor[0m [1;30mDEBUG[0m [32mjoined thread[0m
[2.780s] [34mcolcon.colcon_core.shell[0m [1;30mINFO[0m Creating prefix script '/Users/wen-chungcheng/ws_aic/src/aic/install/local_setup.ps1'
[2.780s] [34mcolcon.colcon_core.shell[0m [1;30mINFO[0m Creating prefix util module '/Users/wen-chungcheng/ws_aic/src/aic/install/_local_setup_util_ps1.py'
[2.781s] [34mcolcon.colcon_core.shell[0m [1;30mINFO[0m Creating prefix chain script '/Users/wen-chungcheng/ws_aic/src/aic/install/setup.ps1'
[2.787s] [34mcolcon.colcon_core.shell[0m [1;30mINFO[0m Creating prefix script '/Users/wen-chungcheng/ws_aic/src/aic/install/local_setup.sh'
[2.787s] [34mcolcon.colcon_core.shell[0m [1;30mINFO[0m Creating prefix util module '/Users/wen-chungcheng/ws_aic/src/aic/install/_local_setup_util_sh.py'
[2.788s] [34mcolcon.colcon_core.shell[0m [1;30mINFO[0m Creating prefix chain script '/Users/wen-chungcheng/ws_aic/src/aic/install/setup.sh'
[2.793s] [34mcolcon.colcon_core.shell[0m [1;30mINFO[0m Creating prefix script '/Users/wen-chungcheng/ws_aic/src/aic/install/local_setup.bash'
[2.794s] [34mcolcon.colcon_core.shell[0m [1;30mINFO[0m Creating prefix chain script '/Users/wen-chungcheng/ws_aic/src/aic/install/setup.bash'
[2.798s] [34mcolcon.colcon_core.shell[0m [1;30mINFO[0m Creating prefix script '/Users/wen-chungcheng/ws_aic/src/aic/install/local_setup.zsh'
[2.798s] [34mcolcon.colcon_core.shell[0m [1;30mINFO[0m Creating prefix chain script '/Users/wen-chungcheng/ws_aic/src/aic/install/setup.zsh'
