{
  "num_scenes": 5,
  "scenes": [
    {
      "index": 0,
      "name": "robot_z=1p140_tb_x=0p265_tb_y=-0p189_tb_yaw=-0p060_cable=sfp_sc_cable_reversed_cable_x=0p187",
      "config": {
        "robot_z": 1.14,
        "robot_roll": 0.0,
        "robot_pitch": 0.0,
        "robot_yaw": -3.141,
        "task_board_x": 0.264657772493638,
        "task_board_y": -0.18850141730519065,
        "task_board_z": 1.14,
        "task_board_roll": 0.0,
        "task_board_pitch": 0.0,
        "task_board_yaw": -0.0597376151900636,
        "spawn_cable": true,
        "cable_type": "sfp_sc_cable_reversed",
        "cable_x": 0.1870936412803233,
        "cable_y": 0.03242829272397168,
        "cable_z": 1.508,
        "cable_roll": 0.5871871918293123,
        "cable_pitch": -0.5340429668311029,
        "cable_yaw": 1.181302634905836,
        "attach_cable_to_gripper": true,
        "sfp_mount_rail_0_present": false,
        "sfp_mount_rail_0_translation": 0.09324360082738778,
        "sfp_mount_rail_0_roll": 0.05042214234612727,
        "sc_mount_rail_0_present": false,
        "sc_mount_rail_0_translation": -0.03325692373621611,
        "sc_mount_rail_0_roll": 0.08688955290409689,
        "lc_mount_rail_0_present": false,
        "lc_mount_rail_0_translation": 0.14663919287821098,
        "lc_mount_rail_0_roll": -0.6893859572340613,
        "nic_card_mount_0_present": true,
        "nic_card_mount_0_translation": 0.034633256318164225,
        "nic_card_mount_0_roll": -0.008280854443961344,
        "sc_port_0_present": true,
        "sc_port_0_translation": 0.04180025458134919,
        "sc_port_0_roll": -0.013467831451283746
      }
    },
    {
      "index": 1,
      "name": "robot_z=1p140_tb_x=0p232_tb_y=-0p259_tb_yaw=0p465_cable=sfp_sc_cable_cable_x=0p184_sc_trans=-0p063",
      "config": {
        "robot_z": 1.14,
        "robot_roll": 0.0,
        "robot_pitch": 0.0,
        "robot_yaw": -3.141,
        "task_board_x": 0.2317773099398778,
        "task_board_y": -0.25944427632546635,
        "task_board_z": 1.14,
        "task_board_roll": 0.0,
        "task_board_pitch": 0.0,
        "task_board_yaw": 0.46518153069125234,
        "spawn_cable": true,
        "cable_type": "sfp_sc_cable",
        "cable_x": 0.18373643276616405,
        "cable_y": 0.045824488084820654,
        "cable_z": 1.518,
        "cable_roll": 0.3256447885400019,
        "cable_pitch": -0.5996944708608314,
        "cable_yaw": 1.5838666133228294,
        "attach_cable_to_gripper": true,
        "sfp_mount_rail_0_present": false,
        "sfp_mount_rail_0_translation": -0.047400343992348416,
        "sfp_mount_rail_0_roll": -0.04255877763422075,
        "sc_mount_rail_0_present": true,
        "sc_mount_rail_0_translation": -0.06259849671767509,
        "sc_mount_rail_0_roll": -0.16355238516886497,
        "lc_mount_rail_0_present": false,
        "lc_mount_rail_0_translation": 0.032498450332226314,
        "lc_mount_rail_0_roll": -0.34016123127601516,
        "nic_card_mount_0_present": false,
        "nic_card_mount_0_translation": 0.04894461769822274,
        "nic_card_mount_0_roll": -0.012191654547386827,
        "sc_port_0_present": false,
        "sc_port_0_translation": 0.04779400845128248,
        "sc_port_0_roll": -0.1265535963903103
      }
    },
    {
      "index": 2,
      "name": "robot_z=1p140_tb_x=0p257_tb_y=-0p125_tb_yaw=0p460_cable=sfp_sc_cable_cable_x=0p162_sc_trans=-0p055_lc_trans=-0p171",
      "config": {
        "robot_z": 1.14,
        "robot_roll": 0.0,
        "robot_pitch": 0.0,
        "robot_yaw": -3.141,
        "task_board_x": 0.25717273136927743,
        "task_board_y": -0.12492011607832598,
        "task_board_z": 1.14,
        "task_board_roll": 0.0,
        "task_board_pitch": 0.0,
        "task_board_yaw": 0.46010144365436434,
        "spawn_cable": true,
        "cable_type": "sfp_sc_cable",
        "cable_x": 0.16204654291938758,
        "cable_y": 0.03929703260608678,
        "cable_z": 1.508,
        "cable_roll": 0.46358894269381196,
        "cable_pitch": -0.5703088741429228,
        "cable_yaw": 1.5694539320464935,
        "attach_cable_to_gripper": true,
        "sfp_mount_rail_0_present": false,
        "sfp_mount_rail_0_translation": -0.010447529357255528,
        "sfp_mount_rail_0_roll": 0.059525423253030396,
        "sc_mount_rail_0_present": true,
        "sc_mount_rail_0_translation": -0.05487278819991305,
        "sc_mount_rail_0_roll": 0.167442460863017,
        "lc_mount_rail_0_present": true,
        "lc_mount_rail_0_translation": -0.1705301596769436,
        "lc_mount_rail_0_roll": -0.9757294018523932,
        "nic_card_mount_0_present": true,
        "nic_card_mount_0_translation": 0.04633467424088083,
        "nic_card_mount_0_roll": -0.13194839422110669,
        "sc_port_0_present": true,
        "sc_port_0_translation": 0.07797914302096812,
        "sc_port_0_roll": -0.07639321243316533
      }
    },
    {
      "index": 3,
      "name": "robot_z=1p140_tb_x=0p297_tb_y=-0p177_tb_yaw=0p242_cable=sfp_sc_cable_reversed_cable_x=0p168_sc_trans=-0p055",
      "config": {
        "robot_z": 1.14,
        "robot_roll": 0.0,
        "robot_pitch": 0.0,
        "robot_yaw": -3.141,
        "task_board_x": 0.29707894643689153,
        "task_board_y": -0.1767594103773517,
        "task_board_z": 1.14,
        "task_board_roll": 0.0,
        "task_board_pitch": 0.0,
        "task_board_yaw": 0.2418856650310478,
        "spawn_cable": true,
        "cable_type": "sfp_sc_cable_reversed",
        "cable_x": 0.16760741955129335,
        "cable_y": 0.02793023880018974,
        "cable_z": 1.508,
        "cable_roll": 0.34015433402367945,
        "cable_pitch": -0.3491319424742876,
        "cable_yaw": 1.5688824648381003,
        "attach_cable_to_gripper": true,
        "sfp_mount_rail_0_present": false,
        "sfp_mount_rail_0_translation": -0.011730664996043708,
        "sfp_mount_rail_0_roll": 0.14951491029359426,
        "sc_mount_rail_0_present": true,
        "sc_mount_rail_0_translation": -0.054892419602877836,
        "sc_mount_rail_0_roll": -0.012337653856147823,
        "lc_mount_rail_0_present": false,
        "lc_mount_rail_0_translation": -0.14467162669629602,
        "lc_mount_rail_0_roll": -0.5877387309936065,
        "nic_card_mount_0_present": false,
        "nic_card_mount_0_translation": 0.03402447835295259,
        "nic_card_mount_0_roll": 0.08122764446246811,
        "sc_port_0_present": false,
        "sc_port_0_translation": 0.08307472284135974,
        "sc_port_0_roll": 0.03988459623374316
      }
    },
    {
      "index": 4,
      "name": "robot_z=1p140_tb_x=0p240_tb_y=-0p136_tb_yaw=-0p440_cable=sfp_sc_cable_cable_x=0p156_sfp_trans=-0p028",
      "config": {
        "robot_z": 1.14,
        "robot_roll": 0.0,
        "robot_pitch": 0.0,
        "robot_yaw": -3.141,
        "task_board_x": 0.2397713287942792,
        "task_board_y": -0.13587078978995873,
        "task_board_z": 1.14,
        "task_board_roll": 0.0,
        "task_board_pitch": 0.0,
        "task_board_yaw": -0.43991987362309304,
        "spawn_cable": true,
        "cable_type": "sfp_sc_cable",
        "cable_x": 0.1555167889534542,
        "cable_y": 0.04209190193693929,
        "cable_z": 1.518,
        "cable_roll": 0.4114360066676761,
        "cable_pitch": -0.35486679895984785,
        "cable_yaw": 1.393366961737878,
        "attach_cable_to_gripper": true,
        "sfp_mount_rail_0_present": true,
        "sfp_mount_rail_0_translation": -0.027603352450563112,
        "sfp_mount_rail_0_roll": 0.17097063597414353,
        "sc_mount_rail_0_present": false,
        "sc_mount_rail_0_translation": 0.06541179568178646,
        "sc_mount_rail_0_roll": 0.017916334853607357,
        "lc_mount_rail_0_present": false,
        "lc_mount_rail_0_translation": 0.15397732926779711,
        "lc_mount_rail_0_roll": -0.1162265234600276,
        "nic_card_mount_0_present": false,
        "nic_card_mount_0_translation": 0.021378030637449943,